Date,close,Open,High,Low,Vol.,Change %
27 10 2024,24205.35,24251.10,24498.20,24134.90,1.18B,0.10%
20 10 2024,24180.80,24956.15,24978.30,24073.90,1.40B,-2.71%
13 10 2024,24854.05,25023.45,25212.05,24567.65,1.23B,-0.44%
06 10 2024,24964.25,25084.10,25234.05,24694.35,1.47B,-0.20%
29 09 2024,25014.60,26061.30,26134.70,24966.80,1.39B,-4.45%
22 09 2024,26178.95,25872.55,26277.35,25847.35,1.73B,1.50%
15 09 2024,25790.95,25406.65,25849.25,25285.55,1.45B,1.71%
08 09 2024,25356.50,24823.40,25433.35,24753.15,1.42B,2.03%
01 09 2024,24852.15,25333.60,25333.65,24801.30,1.22B,-1.52%
25 08 2024,25235.90,24906.10,25268.35,24874.70,1.65B,1.66%
18 08 2024,24823.15,24636.35,24867.35,24522.95,1.17B,1.15%
11 08 2024,24541.15,24320.05,24563.90,24099.70,1.09B,0.71%
04 08 2024,24367.50,24302.85,24419.75,23893.70,1.64B,-1.42%
28 07 2024,24717.70,24943.30,25078.30,24686.85,1.85B,-0.47%
21 07 2024,24834.85,24445.75,24861.15,24074.20,1.90B,1.24%
14 07 2024,24530.90,24587.60,24854.80,24504.45,1.28B,0.12%
07 07 2024,24502.15,24329.45,24592.20,24141.80,1.44B,0.73%
30 06 2024,24323.85,23992.95,24401.00,23992.70,1.39B,1.30%
23 06 2024,24010.60,23382.30,24174.00,23350.00,1.70B,2.17%
16 06 2024,23501.10,23570.80,23667.10,23398.20,1.49B,0.15%
09 06 2024,23465.60,23319.15,23490.40,23206.65,1.40B,0.75%
02 06 2024,23290.15,23337.90,23338.70,21281.45,3.17B,3.37%
26 05 2024,22530.70,23038.95,23110.80,22417.00,1.69B,-1.86%
19 05 2024,22957.10,22404.55,23026.40,22404.55,1.27B,2.19%
12 05 2024,22466.10,22027.95,22502.15,21821.05,1.35B,1.86%
05 05 2024,22055.20,22561.60,22588.80,21932.40,1.49B,-1.87%
28 04 2024,22475.85,22475.55,22794.70,22348.05,1.54B,0.25%
21 04 2024,22419.95,22336.90,22625.95,22198.15,1.55B,1.23%
14 04 2024,22147.00,22339.05,22427.45,21777.65,1.49B,-1.65%
07 04 2024,22519.40,22578.35,22775.70,22503.75,1.09B,0.03%
31 03 2024,22513.70,22455.00,22619.00,22303.80,1.49B,0.84%
24 03 2024,22326.90,21947.90,22516.00,21947.55,1.15B,1.04%
17 03 2024,22096.75,21990.10,22180.70,21710.20,1.75B,0.33%
10 03 2024,22023.35,22517.50,22526.60,21905.65,2.16B,-2.09%
03 03 2024,22493.55,22403.50,22525.65,22224.35,1.29B,0.69%
25 02 2024,22338.75,22169.20,22353.30,21860.65,1.37B,0.57%
18 02 2024,22212.70,22103.45,22297.50,21875.25,1.23B,0.78%
11 02 2024,22040.70,21800.80,22068.65,21530.20,1.70B,1.19%
04 02 2024,21782.50,21921.05,22053.30,21629.90,2.00B,-0.33%
28 01 2024,21853.80,21433.10,22126.80,21429.60,1.94B,2.35%
21 01 2024,21352.60,21716.70,21750.25,21137.20,1.28B,-1.25%
14 01 2024,21622.40,22053.15,22124.15,21285.55,1.82B,-1.24%
07 01 2024,21894.55,21747.60,21928.25,21448.65,1.18B,0.85%
31 12 2023,21710.80,21727.75,21834.35,21500.35,1.38B,-0.09%
24 12 2023,21731.40,21365.20,21801.45,21329.45,1.14B,1.79%
17 12 2023,21349.40,21434.80,21593.00,20976.80,1.43B,-0.50%
10 12 2023,21456.65,20965.30,21492.30,20769.50,1.56B,2.32%
03 12 2023,20969.40,20601.95,21006.10,20507.75,1.73B,3.46%
26 11 2023,20267.90,19844.65,20291.55,19800.00,1.22B,2.39%
19 11 2023,19794.70,19731.15,19875.15,19670.50,869.17M,0.32%
12 11 2023,19731.80,19486.75,19875.25,19414.75,1.00B,1.58%
05 11 2023,19425.35,19345.85,19464.40,19309.70,934.95M,1.01%
29 10 2023,19230.60,19053.40,19276.25,18940.00,1.02B,0.96%
22 10 2023,19047.25,19521.60,19556.85,18837.85,906.89M,-2.53%
15 10 2023,19542.65,19737.25,19849.75,19512.35,994.41M,-1.06%
08 10 2023,19751.05,19539.45,19843.30,19480.50,1.07B,0.50%
01 10 2023,19653.50,19622.40,19675.75,19333.60,892.78M,0.08%
24 09 2023,19638.30,19678.20,19766.65,19492.10,1.19B,-0.18%
17 09 2023,19674.25,20155.95,20195.35,19657.50,1.16B,-2.57%
10 09 2023,20192.35,19890.00,20222.45,19865.35,1.54B,1.88%
03 09 2023,19819.95,19525.05,19867.15,19432.85,1.43B,1.98%
27 08 2023,19435.30,19298.35,19458.55,19223.65,1.68B,0.88%
20 08 2023,19265.80,19320.65,19584.45,19229.70,1.43B,-0.23%
13 08 2023,19310.15,19383.95,19482.75,19253.60,995.28M,-0.61%
06 08 2023,19428.30,19576.85,19645.50,19412.75,1.29B,-0.45%
30 07 2023,19517.00,19666.35,19795.60,19296.45,1.48B,-0.66%
23 07 2023,19646.05,19748.45,19867.55,19563.10,1.47B,-0.50%
16 07 2023,19745.00,19612.15,19991.85,19562.95,1.40B,0.92%
09 07 2023,19564.50,19400.35,19595.35,19327.10,1.45B,1.20%
02 07 2023,19331.80,19246.50,19523.60,19234.40,1.18B,0.74%
25 06 2023,19189.05,18682.35,19201.70,18646.70,1.04B,2.80%
18 06 2023,18665.50,18873.30,18886.60,18647.10,1.11B,-0.85%
11 06 2023,18826.00,18595.05,18864.70,18559.75,1.21B,1.41%
04 06 2023,18563.40,18612.00,18777.90,18531.60,1.25B,0.16%
28 05 2023,18534.10,18619.15,18662.45,18464.55,1.73B,0.19%
21 05 2023,18499.35,18201.10,18508.55,18178.85,1.20B,1.63%
14 05 2023,18203.40,18339.30,18458.90,18060.40,1.20B,-0.61%
07 05 2023,18314.80,18120.60,18389.70,18100.30,1.18B,1.36%
30 04 2023,18069.00,18124.80,18267.45,18042.40,957.73M,0.02%
23 04 2023,18065.00,17707.55,18089.15,17612.50,1.32B,2.50%
16 04 2023,17624.05,17863.00,17863.00,17553.95,1.34B,-1.14%
09 04 2023,17828.00,17634.90,17842.15,17597.95,1.08B,1.30%
02 04 2023,17599.15,17427.95,17638.70,17312.75,721.22M,1.38%
26 03 2023,17359.75,16984.30,17381.60,16913.75,1.07B,2.45%
19 03 2023,16945.05,17066.60,17207.25,16828.35,935.73M,-0.91%
12 03 2023,17100.05,17421.90,17529.90,16850.15,1.55B,-1.80%
05 03 2023,17412.90,17680.35,17799.95,17324.35,1.13B,-1.03%
26 02 2023,17594.35,17428.60,17644.75,17255.20,1.61B,0.74%
19 02 2023,17465.80,17965.55,18004.35,17421.80,1.03B,-2.67%
12 02 2023,17944.20,17859.10,18134.75,17719.75,1.14B,0.49%
05 02 2023,17856.50,17818.55,17916.90,17652.55,1.42B,0.01%
29 01 2023,17854.05,17541.95,17972.20,17353.40,2.26B,1.42%
22 01 2023,17604.35,18118.45,18201.25,17493.55,1.15B,-2.35%
15 01 2023,18027.65,18033.15,18183.75,17853.65,1.16B,0.40%
08 01 2023,17956.60,17952.55,18141.40,17761.65,1.28B,0.54%
01 01 2023,17859.45,18131.70,18251.95,17795.55,1.21B,-1.36%
25 12 2022,18105.30,17830.40,18265.25,17774.25,1.06B,1.68%
18 12 2022,17806.80,18288.10,18473.35,17779.50,928.64M,-2.53%
11 12 2022,18269.00,18402.15,18696.10,18255.15,1.05B,-1.23%
04 12 2022,18496.60,18719.55,18728.60,18410.10,1.13B,-1.07%
27 11 2022,18696.10,18430.55,18887.60,18365.60,1.33B,0.99%
20 11 2022,18512.75,18246.40,18534.90,18133.35,980.19M,1.12%
13 11 2022,18307.65,18376.40,18442.15,18209.80,1.17B,-0.23%
06 11 2022,18349.70,18211.75,18362.30,17969.40,1.26B,1.28%
30 10 2022,18117.15,17910.20,18178.75,17899.90,1.33B,1.86%
23 10 2022,17786.80,17736.35,17838.90,17637.00,871.07M,1.20%
16 10 2022,17576.30,17144.80,17670.15,17098.55,1.19B,2.27%
09 10 2022,17185.70,17094.35,17348.55,16950.30,1.27B,-0.74%
02 10 2022,17314.65,17102.10,17428.80,16855.55,986.11M,1.29%
25 09 2022,17094.35,17156.30,17196.40,16747.70,1.89B,-1.34%
18 09 2022,17327.35,17540.65,17919.30,17291.65,1.44B,-1.16%
11 09 2022,17530.85,17890.85,18096.15,17497.25,1.61B,-1.70%
04 09 2022,17833.35,17546.45,17925.95,17484.30,1.39B,1.68%
28 08 2022,17539.45,17188.65,17777.65,17166.20,1.13B,-0.11%
21 08 2022,17558.90,17682.90,17726.50,17345.20,1.33B,-1.12%
14 08 2022,17758.45,17797.20,17992.20,17710.75,822.31M,0.34%
07 08 2022,17698.15,17401.50,17724.65,17359.75,1.18B,1.73%
31 07 2022,17397.50,17243.20,17490.70,17154.80,1.68B,1.39%
24 07 2022,17158.25,16662.55,17172.80,16438.75,1.42B,2.62%
17 07 2022,16719.45,16151.40,16752.25,16142.20,1.17B,4.18%
10 07 2022,16049.20,16136.15,16248.55,15858.20,1.13B,-1.06%
03 07 2022,16220.60,15710.50,16275.50,15661.80,1.39B,2.97%
26 06 2022,15752.05,15926.20,15927.45,15511.05,1.58B,0.34%
19 06 2022,15699.25,15334.50,15749.25,15191.10,1.22B,2.65%
12 06 2022,15293.50,15877.55,15886.15,15183.40,1.24B,-5.61%
05 06 2022,16201.80,16530.70,16610.95,16172.60,1.11B,-2.31%
29 05 2022,16584.30,16527.90,16793.85,16438.85,1.63B,1.42%
22 05 2022,16352.45,16290.95,16414.70,15903.70,1.38B,0.53%
15 05 2022,16266.15,15845.10,16399.80,15739.65,1.37B,3.07%
08 05 2022,15782.15,16227.70,16404.55,15735.75,1.54B,-3.83%
01 05 2022,16411.25,16924.45,17132.85,16340.90,1.16B,-4.04%
24 04 2022,17102.55,17009.05,17377.65,16888.70,1.45B,-0.40%
17 04 2022,17171.95,17183.45,17414.70,16824.70,1.61B,-1.74%
10 04 2022,17475.65,17740.90,17779.05,17442.35,762.79M,-1.74%
03 04 2022,17784.35,17809.10,18114.65,17600.55,1.54B,0.64%
27 03 2022,17670.45,17181.85,17703.70,17003.90,1.57B,3.02%
20 03 2022,17153.00,17329.50,17442.40,17006.30,1.44B,-0.78%
13 03 2022,17287.05,16633.70,17344.60,16555.00,1.40B,3.95%
06 03 2022,16630.45,15867.95,16757.30,15671.45,2.42B,2.37%
27 02 2022,16245.35,16481.60,16815.90,16133.80,1.82B,-2.48%
20 02 2022,16658.40,17192.25,17351.05,16203.25,1.50B,-3.58%
13 02 2022,17276.30,17076.15,17490.60,16809.65,1.27B,-0.57%
06 02 2022,17374.75,17456.30,17639.45,17043.65,1.30B,-0.81%
30 01 2022,17516.30,17301.05,17794.60,17244.55,1.47B,2.42%
23 01 2022,17101.95,17575.15,17599.40,16836.80,1.40B,-2.92%
16 01 2022,17617.15,18235.65,18350.95,17485.85,1.31B,-3.50%
09 01 2022,18255.75,17913.30,18286.95,17879.15,1.23B,2.49%
02 01 2022,17812.70,17387.15,17944.70,17383.30,1.18B,2.64%
26 12 2021,17354.05,16937.75,17400.80,16833.20,970.34M,2.06%
19 12 2021,17003.75,16824.25,17155.60,16410.20,1.16B,0.11%
12 12 2021,16985.20,17619.10,17639.50,16966.45,1.32B,-3.00%
05 12 2021,17511.30,17209.05,17543.25,16891.70,1.19B,1.83%
28 11 2021,17196.70,17055.80,17489.80,16782.40,1.71B,1.00%
21 11 2021,17026.45,17796.25,17805.25,16985.70,1.58B,-4.16%
14 11 2021,17764.80,18140.95,18210.15,17688.50,1.12B,-1.87%
07 11 2021,18102.75,18040.20,18123.00,17798.20,1.35B,1.04%
31 10 2021,17916.80,17783.15,18012.25,17697.10,957.14M,1.39%
24 10 2021,17671.65,18229.50,18342.05,17613.10,1.81B,-2.45%
17 10 2021,18114.90,18500.10,18604.45,18034.35,1.90B,-1.22%
10 10 2021,18338.55,17867.55,18350.75,17839.10,1.78B,2.48%
03 10 2021,17895.20,17615.55,17941.85,17581.35,1.86B,2.07%
26 09 2021,17532.05,17932.20,17943.50,17452.90,1.94B,-1.80%
19 09 2021,17853.20,17443.85,17947.65,17326.10,1.68B,1.52%
12 09 2021,17585.15,17363.55,17792.95,17269.15,1.87B,1.24%
05 09 2021,17369.25,17399.35,17436.50,17254.20,965.63M,0.26%
29 08 2021,17323.60,16775.85,17340.10,16764.85,1.55B,3.70%
22 08 2021,16705.20,16592.25,16722.05,16395.70,1.29B,1.55%
15 08 2021,16450.50,16518.40,16701.85,16376.05,1.15B,-0.48%
08 08 2021,16529.10,16281.35,16543.60,16162.55,1.41B,1.79%
01 08 2021,16238.20,15874.90,16349.45,15834.65,1.75B,3.01%
25 07 2021,15763.05,15849.30,15893.35,15513.45,1.70B,-0.59%
18 07 2021,15856.05,15754.50,15899.80,15578.55,1.08B,-0.42%
11 07 2021,15923.40,15766.80,15962.25,15644.75,1.26B,1.49%
04 07 2021,15689.80,15793.40,15914.20,15632.75,1.48B,-0.21%
27 06 2021,15722.20,15915.35,15915.65,15635.95,1.36B,-0.87%
20 06 2021,15860.35,15525.85,15895.75,15505.65,1.59B,1.13%
13 06 2021,15683.35,15791.40,15901.60,15450.90,2.05B,-0.73%
06 06 2021,15799.35,15725.10,15835.55,15566.90,1.89B,0.82%
30 05 2021,15670.25,15437.75,15733.60,15374.00,2.10B,1.52%
23 05 2021,15435.65,15211.35,15469.65,15145.45,2.50B,1.72%
16 05 2021,15175.30,14756.25,15190.00,14725.35,2.69B,3.39%
09 05 2021,14677.80,14928.25,14966.90,14591.90,2.35B,-0.98%
02 05 2021,14823.15,14481.05,14863.05,14416.25,2.29B,1.31%
25 04 2021,14631.10,14449.45,15044.35,14421.30,2.45B,2.02%
18 04 2021,14341.35,14306.60,14526.95,14151.40,1.95B,-1.89%
11 04 2021,14617.85,14644.65,14697.70,14248.70,2.35B,-1.46%
04 04 2021,14834.85,14837.70,14984.15,14459.50,2.45B,-0.22%
28 03 2021,14867.35,14628.50,14883.20,14617.60,1.46B,2.48%
21 03 2021,14507.30,14736.30,14878.60,14264.40,2.48B,-1.61%
14 03 2021,14744.00,15048.40,15051.60,14350.10,2.85B,-1.91%
07 03 2021,15030.95,15002.45,15336.30,14919.90,2.15B,0.62%
28 02 2021,14938.10,14702.50,15273.15,14638.55,2.85B,2.81%
21 02 2021,14529.15,14999.05,15176.50,14467.75,3.67B,-3.02%
14 02 2021,14981.75,15270.30,15431.75,14898.20,3.09B,-1.20%
07 02 2021,15163.30,15064.30,15257.10,14977.20,3.08B,1.60%
31 01 2021,14924.25,13758.60,15014.65,13661.75,4.48B,9.46%
24 01 2021,13634.60,14477.80,14491.10,13596.75,2.67B,-5.13%
17 01 2021,14371.90,14453.30,14753.55,14222.80,3.41B,-0.43%
10 01 2021,14433.70,14474.05,14653.35,14357.85,3.89B,0.60%
03 01 2021,14347.25,14104.35,14367.30,13953.75,2.79B,2.35%
27 12 2020,14018.50,13815.15,14049.85,13811.55,1.93B,1.96%
20 12 2020,13749.25,13741.90,13777.50,13131.45,2.31B,-0.08%
13 12 2020,13760.55,13571.45,13773.25,13447.05,2.45B,1.83%
06 12 2020,13513.85,13264.85,13579.35,13241.95,2.98B,1.93%
29 11 2020,13258.55,13062.20,13280.05,12962.80,2.66B,2.23%
22 11 2020,12968.95,12960.30,13145.85,12790.40,3.60B,0.85%
15 11 2020,12859.05,12932.50,12963.00,12730.25,2.87B,1.09%
08 11 2020,12719.95,12399.40,12769.75,12367.35,3.42B,3.72%
01 11 2020,12263.55,11697.35,12280.40,11557.40,3.12B,5.34%
25 10 2020,11642.40,11937.40,11942.85,11535.45,2.95B,-2.41%
18 10 2020,11930.35,11879.20,12018.65,11775.75,2.67B,1.43%
11 10 2020,11762.45,11973.55,12025.45,11661.30,2.71B,-1.27%
04 10 2020,11914.20,11487.80,11938.60,11452.30,2.83B,4.36%
27 09 2020,11416.95,11140.85,11428.60,11099.85,1.92B,3.32%
20 09 2020,11050.25,11503.80,11535.25,10790.20,3.26B,-3.95%
13 09 2020,11504.95,11540.15,11618.10,11383.55,2.96B,0.35%
06 09 2020,11464.45,11359.60,11493.50,11185.15,3.10B,1.15%
30 08 2020,11333.85,11777.55,11794.25,11303.65,4.04B,-2.69%
23 08 2020,11647.60,11412.00,11686.05,11410.65,3.44B,2.43%
16 08 2020,11371.60,11248.90,11460.35,11144.50,3.30B,1.73%
09 08 2020,11178.40,11270.25,11373.60,11111.45,2.90B,-0.32%
02 08 2020,11214.05,11057.55,11256.80,10882.25,3.03B,1.27%
26 07 2020,11073.45,11225.00,11341.40,11026.65,3.19B,-1.08%
19 07 2020,11194.15,10999.45,11239.80,10953.00,3.39B,2.68%
12 07 2020,10901.70,10851.85,10933.45,10562.90,3.17B,1.24%
05 07 2020,10768.05,10723.85,10847.85,10676.55,3.19B,1.51%
28 06 2020,10607.35,10311.95,10631.30,10223.60,2.83B,2.16%
21 06 2020,10383.00,10318.75,10553.15,10194.50,3.88B,1.35%
14 06 2020,10244.40,9919.35,10272.40,9726.35,3.82B,2.72%
07 06 2020,9972.90,10326.75,10328.50,9544.35,3.83B,-1.67%
31 05 2020,10142.15,9726.85,10177.80,9706.95,4.12B,5.86%
24 05 2020,9580.30,9099.75,9598.85,8996.65,3.22B,5.99%
17 05 2020,9039.25,9158.30,9178.55,8806.75,3.46B,-1.07%
10 05 2020,9136.85,9348.15,9584.50,9043.95,3.53B,-1.24%
03 05 2020,9251.50,9533.50,9533.50,9116.50,3.45B,-6.17%
26 04 2020,9859.90,9259.70,9889.05,9250.35,2.71B,7.71%
19 04 2020,9154.40,9390.20,9390.85,8909.40,3.44B,-1.21%
12 04 2020,9266.75,9103.95,9324.00,8821.90,2.93B,1.70%
05 04 2020,9111.90,8446.30,9131.70,8360.95,2.45B,12.72%
29 03 2020,8083.80,8385.95,8678.30,8055.80,2.51B,-6.66%
22 03 2020,8660.25,7945.70,9038.90,7511.10,3.80B,-0.97%
15 03 2020,8745.45,9587.80,9602.20,7832.55,5.35B,-12.15%
08 03 2020,9955.20,10742.05,10751.55,8555.15,5.52B,-9.41%
01 03 2020,10989.45,11387.35,11433.00,10827.40,5.34B,-1.90%
23 02 2020,11201.75,12012.55,12012.55,11175.05,2.94B,-7.28%
16 02 2020,12080.85,12131.80,12159.60,11908.05,2.15B,-0.27%
09 02 2020,12113.45,12102.35,12246.70,11990.75,2.54B,0.12%
02 02 2020,12098.35,11627.45,12160.60,11614.50,3.03B,1.14%
26 01 2020,11962.10,12197.10,12216.60,11945.85,2.74B,-2.34%
19 01 2020,12248.25,12430.50,12430.50,12087.90,2.92B,-0.84%
12 01 2020,12352.35,12296.70,12389.05,12278.75,2.70B,0.78%
05 01 2020,12256.80,12170.60,12311.20,11929.60,2.43B,0.25%
29 12 2019,12226.65,12274.90,12289.90,12151.80,1.98B,-0.16%
22 12 2019,12245.80,12235.45,12287.15,12118.85,1.98B,-0.21%
15 12 2019,12271.80,12131.35,12293.90,12046.30,2.89B,1.53%
08 12 2019,12086.70,11939.10,12098.85,11832.30,3.60B,1.39%
01 12 2019,11921.50,12137.05,12137.15,11888.85,3.25B,-1.12%
24 11 2019,12056.05,11922.45,12158.80,11919.75,3.74B,1.19%
17 11 2019,11914.40,11915.15,12038.60,11867.60,2.82B,0.16%
10 11 2019,11895.45,11879.20,11973.65,11802.65,2.35B,-0.11%
03 11 2019,11908.15,11928.90,12034.15,11850.25,3.41B,0.15%
27 10 2019,11890.60,11643.95,11945.00,11627.35,3.95B,2.65%
20 10 2019,11583.90,11657.15,11714.35,11490.75,3.04B,-0.67%
13 10 2019,11661.85,11335.90,11684.70,11290.05,3.30B,3.16%
06 10 2019,11305.05,11196.20,11362.90,11090.15,2.77B,1.17%
29 09 2019,11174.75,11491.15,11554.20,11158.35,4.01B,-2.93%
22 09 2019,11512.40,11542.70,11694.85,11416.10,3.66B,2.11%
15 09 2019,11274.20,10994.85,11381.90,10670.25,3.43B,1.79%
08 09 2019,11075.90,10936.70,11084.45,10889.80,2.28B,1.18%
01 09 2019,10946.20,10960.95,10967.50,10746.35,2.08B,-0.70%
25 08 2019,11023.25,11000.30,11141.75,10756.55,3.20B,1.79%
18 08 2019,10829.35,11094.80,11146.90,10637.15,2.71B,-1.98%
11 08 2019,11047.80,11139.40,11145.90,10901.60,1.61B,-0.56%
04 08 2019,11109.65,10895.80,11181.45,10782.60,2.59B,1.02%
28 07 2019,10997.35,11307.50,11310.95,10848.95,2.55B,-2.54%
21 07 2019,11284.30,11392.85,11398.15,11210.05,2.46B,-1.18%
14 07 2019,11419.25,11614.75,11706.65,11399.30,2.26B,-1.15%
07 07 2019,11552.50,11770.40,11771.90,11461.00,1.92B,-2.19%
30 06 2019,11811.15,11839.90,11981.75,11797.90,1.85B,0.19%
23 06 2019,11788.85,11725.80,11911.15,11651.00,1.69B,0.55%
16 06 2019,11724.10,11844.00,11844.05,11625.10,2.02B,-0.84%
09 06 2019,11823.30,11934.90,12000.35,11797.70,1.76B,-0.40%
02 06 2019,11870.65,11953.75,12103.05,11769.50,1.32B,-0.44%
26 05 2019,11922.80,11855.50,12039.25,11812.40,2.12B,0.66%
19 05 2019,11844.10,11651.90,12041.15,11591.70,2.13B,3.83%
12 05 2019,11407.15,11258.70,11426.15,11108.30,1.93B,1.14%
05 05 2019,11278.90,11605.80,11657.05,11251.05,1.77B,-3.70%
28 04 2019,11712.25,11748.75,11789.30,11655.90,1.22B,-0.36%
21 04 2019,11754.65,11727.05,11796.75,11564.80,1.81B,0.02%
14 04 2019,11752.80,11667.00,11856.15,11648.25,983.96M,0.94%
07 04 2019,11643.45,11704.35,11710.30,11549.10,1.45B,-0.19%
31 03 2019,11665.95,11665.20,11761.00,11559.20,1.75B,0.36%
24 03 2019,11623.90,11395.65,11630.35,11311.60,1.87B,1.46%
17 03 2019,11456.90,11473.85,11572.80,11412.50,1.40B,0.26%
10 03 2019,11426.85,11068.75,11487.00,11059.85,1.88B,3.55%
03 03 2019,11035.40,10864.85,11089.05,10817.00,1.39B,1.58%
24 02 2019,10863.50,10813.25,10939.70,10729.30,2.13B,0.67%
17 02 2019,10791.65,10738.65,10808.85,10585.65,1.60B,0.63%
10 02 2019,10724.40,10930.90,10930.90,10620.40,2.05B,-2.00%
03 02 2019,10943.60,10876.75,11118.10,10814.15,1.50B,0.46%
27 01 2019,10893.65,10792.45,10983.45,10583.65,2.27B,1.05%
20 01 2019,10780.55,10919.35,10987.45,10756.45,1.71B,-1.16%
13 01 2019,10906.95,10807.00,10930.65,10692.35,1.48B,1.04%
06 01 2019,10794.95,10804.85,10870.40,10733.25,1.40B,0.63%
30 12 2018,10727.35,10913.20,10923.60,10628.65,1.24B,-1.22%
23 12 2018,10859.90,10780.90,10893.60,10534.55,1.23B,0.98%
16 12 2018,10754.00,10853.20,10985.15,10738.65,1.64B,-0.48%
09 12 2018,10805.45,10508.70,10838.60,10333.85,1.94B,1.05%
02 12 2018,10693.70,10930.70,10941.20,10588.25,1.74B,-1.68%
25 11 2018,10876.75,10568.30,10922.45,10489.75,2.33B,3.32%
18 11 2018,10526.75,10731.25,10774.70,10512.00,1.14B,-1.46%
11 11 2018,10682.20,10607.80,10695.15,10440.55,1.59B,0.92%
04 11 2018,10585.20,10558.75,10619.55,10477.00,929.70M,0.31%
28 10 2018,10553.00,10078.10,10606.95,10020.35,1.85B,5.21%
21 10 2018,10030.00,10405.85,10408.55,10004.55,1.88B,-2.65%
14 10 2018,10303.55,10524.20,10710.15,10249.60,1.20B,-1.61%
07 10 2018,10472.50,10310.15,10492.45,10138.60,2.14B,1.51%
30 09 2018,10316.45,10930.90,11035.65,10261.90,1.86B,-5.62%
23 09 2018,10930.45,11164.40,11170.15,10850.30,2.08B,-1.91%
16 09 2018,11143.10,11464.95,11464.95,10866.45,1.46B,-3.23%
09 09 2018,11515.20,11570.25,11573.00,11250.20,1.18B,-0.64%
02 09 2018,11589.10,11751.80,11751.80,11393.85,1.32B,-0.78%
26 08 2018,11680.50,11605.85,11760.20,11595.60,1.40B,1.07%
19 08 2018,11557.10,11502.10,11620.70,11499.65,952.68M,0.75%
12 08 2018,11470.75,11369.60,11486.45,11340.30,1.04B,0.36%
05 08 2018,11429.50,11401.50,11495.20,11359.70,1.31B,0.60%
29 07 2018,11360.80,11296.65,11390.55,11234.95,1.27B,0.73%
22 07 2018,11278.35,11019.85,11283.40,11010.95,1.36B,2.44%
15 07 2018,11010.20,11018.95,11076.20,10925.60,1.08B,-0.08%
08 07 2018,11018.90,10838.30,11078.30,10807.15,1.12B,2.29%
01 07 2018,10772.65,10732.35,10816.35,10604.65,1.18B,0.54%
24 06 2018,10714.30,10822.90,10831.05,10557.70,1.33B,-0.99%
17 06 2018,10821.85,10830.20,10837.00,10701.20,1.10B,0.04%
10 06 2018,10817.70,10781.85,10893.25,10755.40,1.15B,0.46%
03 06 2018,10767.65,10765.95,10818.00,10550.90,1.02B,0.67%
27 05 2018,10696.20,10648.35,10764.75,10558.45,1.58B,0.86%
20 05 2018,10605.15,10616.70,10628.05,10417.80,1.32B,0.08%
13 05 2018,10596.40,10815.15,10929.20,10589.10,1.13B,-1.94%
06 05 2018,10806.50,10653.15,10812.05,10635.65,1.08B,1.77%
29 04 2018,10618.25,10705.75,10784.65,10601.60,799.09M,-0.69%
22 04 2018,10692.30,10592.80,10719.80,10514.95,1.27B,1.21%
15 04 2018,10564.05,10398.30,10594.20,10396.35,1.15B,0.80%
08 04 2018,10480.60,10333.70,10519.90,10328.50,1.21B,1.44%
01 04 2018,10331.60,10151.65,10350.45,10111.30,1.13B,2.15%
25 03 2018,10113.70,9989.15,10207.90,9958.55,858.36M,1.16%
18 03 2018,9998.05,10215.35,10227.30,9951.90,1.17B,-1.93%
11 03 2018,10195.15,10301.60,10478.60,10180.25,1.20B,-0.31%
04 03 2018,10226.85,10428.30,10441.35,10141.55,1.11B,-2.21%
25 02 2018,10458.35,10526.55,10631.65,10447.15,846.66M,-0.31%
18 02 2018,10491.05,10488.90,10499.10,10302.75,1.17B,0.37%
11 02 2018,10452.30,10518.20,10618.10,10434.05,867.58M,-0.03%
04 02 2018,10454.95,10604.30,10702.75,10276.30,1.22B,-2.84%
28 01 2018,10760.60,11079.35,11171.55,10736.10,1.34B,-2.79%
21 01 2018,11069.65,10883.20,11110.10,10881.40,1.16B,1.61%
14 01 2018,10894.70,10718.50,10906.85,10666.75,1.19B,2.00%
07 01 2018,10681.25,10591.70,10690.40,10588.55,906.60M,1.16%
31 12 2017,10558.85,10531.70,10566.10,10404.65,831.87M,0.27%
24 12 2017,10530.70,10512.30,10552.40,10460.45,768.77M,0.36%
17 12 2017,10493.00,10263.10,10501.10,10074.80,892.21M,1.55%
10 12 2017,10333.25,10310.50,10373.10,10141.55,941.85M,0.66%
03 12 2017,10265.65,10175.05,10270.85,10033.35,862.27M,1.42%
26 11 2017,10121.80,10361.05,10409.55,10108.55,1.01B,-2.58%
19 11 2017,10389.70,10287.20,10404.50,10261.50,796.94M,1.03%
12 11 2017,10283.60,10322.00,10343.60,10094.00,1.14B,-0.37%
05 11 2017,10321.75,10431.75,10490.45,10254.10,1.31B,-1.25%
29 10 2017,10452.50,10353.85,10461.70,10323.95,1.17B,1.25%
22 10 2017,10323.05,10176.65,10366.15,10124.50,1.83B,1.74%
15 10 2017,10146.55,10207.40,10251.85,10123.35,704.31M,-0.21%
08 10 2017,10167.45,9988.20,10191.90,9955.80,941.57M,1.88%
01 10 2017,9979.70,9893.30,9989.35,9831.05,683.05M,1.95%
24 09 2017,9788.60,9960.10,9960.50,9687.55,1.23B,-1.76%
17 09 2017,9964.40,10133.10,10178.95,9952.80,991.14M,-1.20%
10 09 2017,10085.40,9971.75,10131.95,9968.80,1.10B,1.52%
03 09 2017,9934.80,9984.15,9988.40,9861.00,813.99M,-0.40%
27 08 2017,9974.40,9907.15,9983.45,9783.75,1.01B,1.19%
20 08 2017,9857.05,9864.25,9884.35,9740.10,765.11M,0.20%
13 08 2017,9837.40,9755.75,9947.80,9752.10,885.47M,1.30%
06 08 2017,9710.80,10074.80,10088.10,9685.55,1.06B,-3.53%
30 07 2017,10066.40,10034.70,10137.85,9988.35,984.31M,0.52%
23 07 2017,10014.50,9936.80,10114.85,9919.60,1.07B,1.00%
16 07 2017,9915.25,9908.15,9928.20,9792.05,1.04B,0.29%
09 07 2017,9886.35,9719.30,9913.30,9646.45,725.44M,2.28%
02 07 2017,9665.80,9587.95,9700.70,9543.55,771.09M,1.52%
25 06 2017,9520.90,9594.05,9615.40,9448.75,839.73M,-0.56%
18 06 2017,9574.95,9626.40,9698.85,9565.30,844.54M,-0.14%
11 06 2017,9588.05,9646.70,9654.15,9560.80,863.13M,-0.83%
04 06 2017,9668.25,9656.30,9709.30,9608.15,771.80M,0.15%
28 05 2017,9653.50,9560.05,9673.50,9547.70,1.22B,0.61%
21 05 2017,9595.10,9480.25,9604.90,9341.65,1.18B,1.77%
14 05 2017,9427.90,9433.55,9532.60,9390.75,987.93M,0.29%
07 05 2017,9400.90,9311.45,9450.65,9297.95,809.01M,1.24%
30 04 2017,9285.30,9339.85,9377.10,9269.90,839.93M,-0.20%
23 04 2017,9304.05,9135.35,9367.15,9130.55,921.31M,2.02%
16 04 2017,9119.40,9144.75,9217.90,9075.15,826.54M,-0.34%
09 04 2017,9150.80,9225.60,9246.40,9144.95,684.68M,-0.52%
02 04 2017,9198.30,9220.60,9273.90,9188.10,721.83M,0.27%
26 03 2017,9173.75,9093.45,9191.70,9024.65,1.18B,0.72%
19 03 2017,9108.00,9166.95,9167.60,9019.30,1.24B,-0.57%
12 03 2017,9160.05,9091.65,9218.40,9060.50,1.04B,2.52%
05 03 2017,8934.55,8915.10,8977.85,8891.95,876.58M,0.42%
26 02 2017,8897.55,8943.70,8992.50,8860.10,1.15B,-0.47%
19 02 2017,8939.50,8818.55,8982.15,8809.80,997.67M,1.34%
12 02 2017,8821.70,8819.80,8896.45,8712.85,1.13B,0.32%
05 02 2017,8793.55,8785.45,8822.10,8715.00,1.09B,0.60%
29 01 2017,8740.95,8635.55,8757.60,8537.50,1.68B,1.15%
22 01 2017,8641.25,8329.60,8672.70,8327.20,971.13M,3.50%
15 01 2017,8349.35,8390.95,8460.30,8340.95,802.44M,-0.61%
08 01 2017,8400.35,8259.35,8461.05,8227.75,810.71M,1.90%
01 01 2017,8243.80,8210.10,8306.85,8133.80,697.32M,0.71%
25 12 2016,8185.80,7965.10,8197.00,7893.80,678.66M,2.51%
18 12 2016,7985.75,8126.00,8132.50,7942.05,624.57M,-1.89%
11 12 2016,8139.45,8230.65,8230.65,8121.95,847.00M,-1.48%
04 12 2016,8261.75,8088.75,8274.95,8056.85,725.52M,2.16%
27 11 2016,8086.80,8080.65,8250.80,8066.50,986.30M,-0.34%
20 11 2016,8114.30,8102.10,8122.25,7916.40,1.08B,0.50%
13 11 2016,8074.10,8284.85,8288.55,8048.30,1.01B,-2.68%
06 11 2016,8296.30,8535.75,8598.45,8002.25,1.25B,-1.63%
30 10 2016,8433.75,8653.15,8669.60,8400.25,737.76M,-2.36%
23 10 2016,8638.00,8709.85,8736.95,8550.25,1.02B,-0.63%
16 10 2016,8693.05,8612.95,8727.00,8506.15,925.65M,1.28%
09 10 2016,8583.40,8735.35,8745.80,8541.35,498.50M,-1.31%
02 10 2016,8697.60,8666.15,8806.95,8635.00,817.33M,1.00%
25 09 2016,8611.15,8807.90,8809.55,8555.20,1.07B,-2.50%
18 09 2016,8831.55,8788.45,8893.35,8757.30,799.73M,0.59%
11 09 2016,8779.85,8732.95,8847.65,8688.90,804.11M,-0.98%
04 09 2016,8866.70,8852.70,8968.70,8848.45,906.04M,0.65%
28 08 2016,8809.65,8583.75,8824.10,8543.75,1.11B,2.77%
21 08 2016,8572.55,8667.00,8684.85,8547.55,876.33M,-1.09%
14 08 2016,8666.90,8670.25,8696.60,8600.45,778.52M,-0.06%
07 08 2016,8672.15,8712.85,8728.35,8540.05,1.03B,-0.13%
31 07 2016,8683.15,8654.30,8711.30,8518.15,869.34M,0.52%
24 07 2016,8638.50,8519.95,8674.70,8517.20,906.65M,1.14%
17 07 2016,8541.20,8564.05,8587.10,8476.70,810.00M,0.00%
10 07 2016,8541.40,8413.35,8594.80,8407.05,932.57M,2.62%
03 07 2016,8323.20,8376.75,8398.45,8287.55,604.70M,-0.06%
26 06 2016,8328.35,8039.35,8356.75,8039.35,953.30M,2.96%
19 06 2016,8088.60,8115.75,8285.60,7927.05,920.84M,-1.00%
12 06 2016,8170.20,8102.25,8213.20,8063.90,866.78M,0.00%
05 06 2016,8170.05,8228.75,8294.95,8162.85,974.01M,-0.62%
29 05 2016,8220.80,8166.50,8262.00,8134.30,1.52B,0.79%
22 05 2016,8156.65,7813.95,8164.20,7715.80,1.05B,5.25%
15 05 2016,7749.70,7831.20,7940.10,7735.75,899.46M,-0.83%
08 05 2016,7814.90,7755.25,7916.05,7753.55,895.79M,1.05%
01 05 2016,7733.45,7822.70,7890.25,7678.35,908.48M,-1.48%
24 04 2016,7849.80,7894.80,7992.00,7788.70,1.13B,-0.63%
17 04 2016,7899.30,7908.15,7978.45,7842.75,821.45M,0.62%
10 04 2016,7850.45,7577.80,7864.80,7516.85,581.08M,3.91%
03 04 2016,7555.20,7733.15,7764.45,7526.70,930.56M,-2.05%
27 03 2016,7713.05,7741.00,7777.60,7582.25,1.29B,-0.04%
20 03 2016,7716.50,7619.20,7728.20,7617.70,624.00M,1.47%
13 03 2016,7604.35,7542.60,7613.60,7405.15,1.06B,1.25%
06 03 2016,7510.20,7486.40,7547.10,7424.30,954.04M,0.33%
28 02 2016,7485.35,7050.45,7505.90,6825.80,1.70B,6.48%
21 02 2016,7029.75,7208.85,7252.40,6961.40,1.07B,-2.51%
14 02 2016,7210.75,7057.35,7226.85,6960.65,1.35B,3.29%
07 02 2016,6980.95,7489.70,7512.55,6869.00,1.30B,-6.79%
31 01 2016,7489.10,7589.50,7600.45,7350.30,1.13B,-0.98%
24 01 2016,7563.55,7468.75,7575.65,7402.80,952.56M,1.90%
17 01 2016,7422.45,7420.35,7470.90,7241.50,1.15B,-0.21%
10 01 2016,7437.80,7527.45,7605.10,7425.80,996.35M,-2.15%
03 01 2016,7601.35,7924.55,7937.55,7556.60,797.34M,-4.54%
27 12 2015,7963.20,7863.20,7972.55,7863.00,573.91M,1.30%
20 12 2015,7861.05,7745.65,7888.75,7733.45,477.66M,1.28%
13 12 2015,7761.95,7558.20,7852.90,7551.05,829.70M,1.99%
06 12 2015,7610.45,7816.55,7825.40,7575.30,743.77M,-2.20%
29 11 2015,7781.90,7936.25,7979.30,7775.70,783.05M,-2.02%
22 11 2015,7942.70,7869.50,7959.30,7812.65,646.93M,1.10%
15 11 2015,7856.55,7732.95,7906.95,7714.15,744.94M,1.21%
08 11 2015,7762.25,7788.25,7937.75,7730.90,778.37M,-2.41%
01 11 2015,7954.30,8054.55,8116.10,7926.15,765.44M,-1.38%
25 10 2015,8065.80,8333.65,8336.30,8044.40,924.11M,-2.77%
18 10 2015,8295.45,8262.55,8328.10,8217.15,594.18M,0.70%
11 10 2015,8238.15,8231.50,8246.40,8088.60,832.43M,0.59%
04 10 2015,8189.70,8005.10,8232.20,8005.10,955.67M,3.00%
27 09 2015,7950.90,7892.80,8008.25,7691.20,767.59M,1.05%
20 09 2015,7868.50,7911.50,8021.60,7723.25,659.16M,-1.42%
13 09 2015,7981.90,7811.10,8055.00,7761.85,661.00M,2.47%
06 09 2015,7789.30,7685.85,7864.85,7539.50,844.01M,1.75%
30 08 2015,7655.05,8009.25,8043.60,7626.85,977.02M,-4.34%
23 08 2015,8001.95,8055.95,8091.80,7667.25,1.37B,-3.59%
16 08 2015,8299.95,8530.50,8530.60,8225.05,869.97M,-2.57%
09 08 2015,8518.55,8577.00,8621.55,8337.95,838.05M,-0.54%
02 08 2015,8564.60,8510.65,8606.30,8448.25,778.85M,0.37%
26 07 2015,8532.85,8492.10,8548.95,8321.75,897.78M,0.13%
19 07 2015,8521.55,8623.90,8654.75,8498.65,671.92M,-1.03%
12 07 2015,8609.85,8397.25,8642.95,8355.40,562.94M,2.98%
05 07 2015,8360.55,8386.15,8561.35,8315.40,718.75M,-1.47%
28 06 2015,8484.90,8247.05,8497.75,8195.65,641.97M,1.24%
21 06 2015,8381.10,8259.30,8423.15,8257.40,717.83M,1.90%
14 06 2015,8224.95,7986.60,8250.80,7944.85,722.97M,3.03%
07 06 2015,7982.90,8124.35,8163.05,7940.30,733.51M,-1.62%
31 05 2015,8114.70,8417.25,8467.15,8056.75,780.52M,-3.78%
24 05 2015,8433.65,8438.15,8443.90,8270.15,1.03B,-0.30%
17 05 2015,8458.95,8284.95,8489.55,8271.95,766.64M,2.38%
10 05 2015,8262.35,8243.20,8332.75,8089.80,824.45M,0.86%
03 05 2015,8191.50,8230.05,8355.65,7997.15,867.53M,0.12%
26 04 2015,8181.50,8330.55,8334.45,8144.75,798.19M,-1.49%
19 04 2015,8305.25,8618.80,8619.95,8273.35,1.09B,-3.49%
12 04 2015,8606.00,8801.75,8844.80,8596.70,596.19M,-1.99%
05 04 2015,8780.35,8615.80,8787.40,8573.75,758.13M,2.26%
29 03 2015,8586.25,8390.95,8603.40,8380.75,440.70M,2.94%
22 03 2015,8341.40,8591.55,8627.75,8269.15,970.58M,-2.68%
15 03 2015,8570.90,8656.75,8788.20,8553.00,860.71M,-0.89%
08 03 2015,8647.75,8891.15,8891.30,8631.75,871.31M,-3.24%
01 03 2015,8937.75,8953.85,9119.20,8849.35,829.17M,1.05%
22 02 2015,8844.60,8856.85,8869.00,8669.45,919.12M,0.12%
15 02 2015,8833.60,8831.40,8913.45,8793.40,716.37M,0.32%
08 02 2015,8805.50,8584.40,8822.10,8470.50,912.68M,1.67%
01 02 2015,8661.05,8802.50,8840.80,8645.55,982.04M,-1.68%
25 01 2015,8808.90,8871.35,8996.60,8775.10,922.65M,-0.30%
18 01 2015,8835.60,8550.05,8866.40,8531.50,857.75M,3.78%
11 01 2015,8513.80,8291.35,8530.75,8236.65,796.84M,2.77%
04 01 2015,8284.50,8407.95,8445.60,8065.45,751.45M,-1.32%
28 12 2014,8395.45,8214.70,8410.60,8214.70,402.76M,2.37%
21 12 2014,8200.70,8255.00,8364.75,8147.95,568.79M,-0.30%
14 12 2014,8225.20,8160.75,8263.45,7961.35,887.60M,0.01%
07 12 2014,8224.10,8538.65,8546.35,8216.30,718.69M,-3.68%
30 11 2014,8538.30,8605.10,8626.95,8504.65,729.40M,-0.58%
23 11 2014,8588.25,8490.95,8617.00,8429.45,956.01M,1.31%
16 11 2014,8477.35,8378.40,8489.80,8349.10,633.75M,1.04%
09 11 2014,8389.90,8337.80,8415.05,8304.45,652.13M,0.63%
02 11 2014,8337.00,8348.15,8365.55,8290.25,456.14M,0.18%
26 10 2014,8322.20,8064.35,8330.75,7985.65,787.03M,3.84%
19 10 2014,8014.55,7896.95,8031.75,7856.95,510.32M,3.02%
12 10 2014,7779.70,7831.00,7928.00,7723.85,735.41M,-1.02%
05 10 2014,7859.95,7897.40,7972.35,7815.75,550.81M,-1.08%
28 09 2014,7945.55,7978.45,8030.90,7923.85,351.41M,-0.29%
21 09 2014,7968.85,8084.45,8159.90,7841.80,808.23M,-1.88%
14 09 2014,8121.45,8070.35,8160.90,7925.15,626.39M,0.20%
07 09 2014,8105.50,8132.95,8180.20,8057.30,566.76M,0.23%
31 08 2014,8086.85,7990.35,8141.90,7984.00,692.21M,1.67%
24 08 2014,7954.35,7931.75,7968.25,7862.45,570.96M,0.52%
17 08 2014,7913.20,7785.25,7929.05,7779.20,603.97M,1.56%
10 08 2014,7791.70,7619.85,7796.70,7598.60,509.00M,2.95%
03 08 2014,7568.55,7639.55,7752.45,7540.10,616.86M,-0.45%
27 07 2014,7602.60,7792.90,7799.90,7593.90,684.57M,-2.41%
20 07 2014,7790.45,7701.65,7840.95,7674.00,619.15M,1.65%
13 07 2014,7663.90,7469.00,7685.00,7422.15,701.49M,2.74%
06 07 2014,7459.60,7780.40,7808.85,7447.20,968.90M,-3.77%
29 06 2014,7751.60,7534.05,7758.00,7531.60,674.88M,3.23%
22 06 2014,7508.80,7514.00,7593.35,7441.60,677.72M,-0.04%
15 06 2014,7511.45,7534.80,7663.00,7487.55,751.40M,-0.41%
08 06 2014,7542.10,7621.65,7700.05,7525.35,929.46M,-0.54%
01 06 2014,7583.40,7264.05,7592.70,7239.50,1.11B,4.89%
25 05 2014,7229.95,7428.75,7504.00,7118.45,1.17B,-1.86%
18 05 2014,7367.10,7276.85,7381.00,7193.55,1.28B,2.28%
11 05 2014,7203.00,6863.40,7563.50,6862.90,1.15B,5.02%
04 05 2014,6858.80,6681.65,6871.35,6638.55,575.37M,2.45%
27 04 2014,6694.80,6778.55,6786.25,6656.80,509.06M,-1.30%
20 04 2014,6782.75,6789.25,6869.85,6772.85,563.83M,0.05%
13 04 2014,6779.40,6792.70,6813.40,6665.15,374.46M,0.05%
06 04 2014,6776.30,6694.25,6819.05,6650.40,635.60M,1.22%
30 03 2014,6694.35,6723.15,6776.75,6662.40,924.47M,-0.02%
23 03 2014,6695.90,6510.50,6702.60,6510.50,1.01B,3.12%
16 03 2014,6493.20,6532.45,6574.95,6473.25,683.61M,-0.17%
09 03 2014,6504.20,6491.70,6562.85,6432.70,1.00B,-0.34%
02 03 2014,6526.65,6264.35,6537.80,6212.25,937.33M,3.98%
23 02 2014,6276.95,6140.95,6282.70,6130.80,653.40M,1.97%
16 02 2014,6155.45,6057.10,6160.35,6038.30,575.08M,1.77%
09 02 2014,6048.35,6072.80,6106.60,5984.60,715.99M,-0.24%
02 02 2014,6063.20,6058.80,6079.95,5933.30,852.21M,-0.43%
26 01 2014,6089.50,6186.30,6188.55,6027.25,876.06M,-2.83%
19 01 2014,6266.75,6261.75,6355.60,6243.35,681.68M,0.08%
12 01 2014,6261.65,6189.55,6346.50,6189.55,712.30M,1.46%
05 01 2014,6171.45,6220.85,6239.10,6139.60,713.80M,-0.64%
29 12 2013,6211.15,6336.40,6358.30,6171.25,571.46M,-1.63%
22 12 2013,6313.80,6267.20,6324.90,6259.45,518.01M,0.63%
15 12 2013,6274.25,6168.35,6284.50,6129.95,1.15B,1.72%
08 12 2013,6168.40,6415.00,6415.25,6161.40,907.08M,-1.46%
01 12 2013,6259.90,6171.15,6300.55,6149.90,833.57M,1.36%
24 11 2013,6176.10,6035.95,6182.50,6030.30,788.76M,3.01%
17 11 2013,5995.45,6111.05,6212.40,5972.80,753.29M,-1.00%
10 11 2013,6056.15,6110.40,6141.65,5972.45,617.32M,-1.38%
03 11 2013,6140.75,6282.15,6304.75,6120.95,657.02M,-2.64%
27 10 2013,6307.20,6155.10,6332.60,6079.20,952.52M,2.64%
20 10 2013,6144.90,6202.00,6252.45,6116.60,840.66M,-0.72%
13 10 2013,6189.35,6093.00,6201.45,6032.55,841.38M,1.53%
06 10 2013,6096.20,5889.05,6107.60,5825.85,847.39M,3.20%
29 09 2013,5907.30,5801.05,5950.45,5700.95,706.18M,1.27%
22 09 2013,5833.20,5945.80,5989.40,5811.10,959.72M,-2.98%
15 09 2013,6012.10,5930.30,6142.50,5798.15,1.14B,2.76%
08 09 2013,5850.60,5738.50,5932.00,5738.20,1.00B,3.00%
01 09 2013,5680.40,5480.25,5688.60,5318.90,1.23B,3.81%
25 08 2013,5471.80,5499.40,5528.70,5118.85,1.55B,0.00%
18 08 2013,5471.75,5497.55,5504.10,5254.05,1.27B,-0.66%
11 08 2013,5507.85,5606.70,5754.55,5496.05,890.45M,-1.04%
04 08 2013,5565.65,5682.40,5721.00,5486.85,863.33M,-1.98%
28 07 2013,5677.90,5869.95,5886.00,5649.00,1.03B,-3.54%
21 07 2013,5886.20,6009.75,6093.35,5869.50,805.19M,-2.37%
14 07 2013,6029.20,5991.20,6066.85,5910.95,794.00M,0.34%
07 07 2013,6009.00,5833.15,6019.00,5775.55,603.47M,2.40%
30 06 2013,5867.90,5834.10,5904.35,5760.40,726.56M,0.44%
23 06 2013,5842.20,5638.05,5852.95,5566.25,1.00B,3.08%
16 06 2013,5667.65,5820.40,5863.40,5616.85,721.05M,-2.42%
09 06 2013,5808.40,5907.90,5931.65,5683.10,687.88M,-1.23%
02 06 2013,5881.00,5997.35,6011.00,5869.50,569.32M,-1.75%
26 05 2013,5985.95,5989.40,6133.75,5975.55,744.39M,0.04%
19 05 2013,5983.55,6198.00,6229.45,5936.80,747.16M,-3.29%
12 05 2013,6187.30,6098.20,6199.95,5970.05,687.02M,1.52%
05 05 2013,6094.75,5944.90,6105.30,5928.45,590.17M,2.54%
28 04 2013,5944.00,5877.60,6019.45,5867.80,580.20M,1.24%
21 04 2013,5871.45,5789.85,5924.60,5789.80,608.22M,1.53%
14 04 2013,5783.10,5508.50,5794.35,5500.30,590.05M,4.60%
07 04 2013,5528.55,5550.50,5610.65,5477.20,637.92M,-0.44%
31 03 2013,5553.25,5697.35,5754.60,5534.70,616.96M,-2.28%
24 03 2013,5682.55,5707.30,5718.40,5604.85,486.55M,0.55%
17 03 2013,5651.35,5816.75,5863.60,5631.80,817.07M,-3.77%
10 03 2013,5872.60,5946.10,5971.20,5791.75,659.20M,-1.23%
03 03 2013,5945.70,5704.70,5952.85,5663.60,741.65M,3.95%
24 02 2013,5719.70,5870.55,5878.40,5671.90,967.03M,-2.23%
17 02 2013,5850.30,5888.65,5971.00,5835.80,667.07M,-0.63%
10 02 2013,5887.40,5920.05,5969.50,5853.90,676.36M,-0.27%
03 02 2013,5903.50,6025.20,6038.50,5883.65,786.04M,-1.59%
27 01 2013,5998.90,6082.10,6111.80,5983.20,722.68M,-1.25%
20 01 2013,6074.65,6085.75,6101.30,6007.85,729.69M,0.17%
13 01 2013,6064.40,5967.20,6083.40,5962.15,767.48M,1.90%
06 01 2013,5951.30,6042.15,6042.15,5940.60,607.61M,-1.08%
30 12 2012,6016.15,5901.20,6020.75,5897.15,471.99M,1.82%
23 12 2012,5908.35,5869.00,5930.80,5844.70,398.49M,1.04%
16 12 2012,5847.70,5860.50,5939.40,5823.15,672.96M,-0.54%
09 12 2012,5879.60,5916.05,5965.15,5839.15,617.83M,-0.47%
02 12 2012,5907.40,5878.25,5949.85,5838.90,651.97M,0.47%
25 11 2012,5879.85,5648.65,5885.25,5623.45,678.04M,4.50%
18 11 2012,5626.60,5577.30,5643.35,5548.35,498.76M,0.94%
11 11 2012,5574.05,5688.45,5718.90,5559.80,365.10M,-1.97%
04 11 2012,5686.25,5693.05,5777.30,5677.75,539.94M,-0.20%
28 10 2012,5697.70,5665.20,5711.30,5583.05,540.87M,0.59%
21 10 2012,5664.30,5667.60,5721.55,5641.75,444.88M,-0.35%
14 10 2012,5684.25,5674.25,5722.50,5633.90,603.44M,0.14%
07 10 2012,5676.05,5751.85,5751.85,5636.95,666.27M,-1.23%
30 09 2012,5746.95,5704.75,5815.35,4888.20,736.03M,0.77%
23 09 2012,5703.30,5691.95,5735.15,5638.65,1.13B,0.21%
16 09 2012,5691.15,5631.75,5720.00,5534.90,878.11M,2.03%
09 09 2012,5577.65,5361.90,5586.65,5332.10,706.96M,4.41%
02 09 2012,5342.10,5276.50,5347.15,5215.70,626.45M,1.59%
26 08 2012,5258.50,5387.85,5399.15,5238.90,765.03M,-2.38%
19 08 2012,5386.70,5368.70,5448.60,5368.70,469.79M,0.38%
12 08 2012,5366.30,5316.35,5399.95,5309.05,486.36M,0.86%
05 08 2012,5320.40,5260.85,5377.60,5260.85,711.05M,2.01%
29 07 2012,5215.70,5129.75,5246.35,5129.75,584.29M,2.27%
22 07 2012,5099.85,5163.25,5164.20,5032.40,664.33M,-2.02%
15 07 2012,5205.10,5232.35,5257.75,5169.05,527.23M,-0.42%
08 07 2012,5227.25,5283.70,5348.55,5216.85,568.88M,-1.69%
01 07 2012,5316.95,5283.85,5333.65,5263.35,647.49M,0.72%
24 06 2012,5278.90,5158.50,5286.25,5095.50,704.77M,2.58%
17 06 2012,5146.05,5174.00,5190.20,5041.70,766.12M,0.14%
10 06 2012,5139.05,5096.70,5146.20,5015.15,660.55M,1.39%
03 06 2012,5068.35,4797.30,5084.45,4770.35,768.10M,4.68%
27 05 2012,4841.60,4931.70,5020.15,4831.75,803.16M,-1.60%
20 05 2012,4920.40,4888.50,4956.35,4803.95,642.09M,0.59%
13 05 2012,4891.45,4934.35,4957.20,4788.95,744.28M,-0.76%
06 05 2012,4928.90,5017.80,5124.75,4906.15,792.53M,-3.11%
29 04 2012,5086.85,5201.45,5279.60,5070.60,499.35M,-2.00%
22 04 2012,5190.60,5277.40,5310.55,5154.30,751.29M,-1.89%
15 04 2012,5290.85,5190.60,5342.45,5183.50,720.17M,1.60%
08 04 2012,5207.45,5282.50,5306.75,5185.40,751.95M,-2.17%
01 04 2012,5322.90,5296.35,5378.75,5278.80,409.14M,0.52%
25 03 2012,5295.55,5274.35,5307.10,5135.95,931.71M,0.33%
18 03 2012,5278.20,5337.35,5385.95,5205.65,939.33M,-0.75%
11 03 2012,5317.90,5420.10,5499.40,5305.00,966.13M,-0.29%
04 03 2012,5333.55,5342.55,5382.05,5171.45,920.55M,-0.48%
26 02 2012,5359.35,5448.10,5458.80,5268.15,1.05B,-1.29%
19 02 2012,5429.30,5561.90,5629.95,5405.90,1.17B,-2.43%
12 02 2012,5564.30,5382.10,5606.70,5351.40,1.30B,3.39%
05 02 2012,5381.60,5379.45,5427.75,5322.95,1.11B,1.05%
29 01 2012,5325.85,5163.55,5334.85,5076.70,1.19B,2.33%
22 01 2012,5204.70,5025.35,5217.00,5021.35,795.28M,3.09%
15 01 2012,5048.60,4844.00,5064.15,4827.05,1.02B,3.75%
08 01 2012,4866.00,4747.55,4898.85,4695.45,972.29M,2.35%
01 01 2012,4754.10,4640.20,4794.90,4588.05,774.94M,2.81%
25 12 2011,4624.30,4718.15,4800.50,4608.90,573.04M,-1.90%
18 12 2011,4714.00,4623.15,4763.45,4531.15,895.84M,1.34%
11 12 2011,4651.60,4906.85,4910.25,4628.20,938.01M,-4.42%
04 12 2011,4866.70,5036.50,5099.25,4841.75,659.15M,-3.63%
27 11 2011,5050.15,4769.30,5062.55,4754.80,947.15M,7.22%
20 11 2011,4710.05,4873.80,4873.80,4639.10,883.35M,-3.99%
13 11 2011,4905.80,5217.35,5228.90,4837.95,786.96M,-5.09%
06 11 2011,5168.85,5292.25,5317.50,5142.25,435.60M,-2.18%
30 10 2011,5284.20,5358.90,5360.25,5201.85,755.65M,-1.43%
23 10 2011,5360.70,5114.70,5399.70,5084.75,620.73M,6.15%
16 10 2011,5049.95,5156.20,5160.20,5011.05,602.71M,-1.60%
09 10 2011,5132.30,4886.85,5141.40,4882.05,873.97M,5.00%
02 10 2011,4888.05,4874.40,4922.60,4728.30,710.76M,-1.12%
25 09 2011,4943.25,4878.60,5034.25,4758.85,892.38M,1.55%
18 09 2011,4867.75,5068.40,5168.40,4829.60,748.63M,-4.26%
11 09 2011,5084.25,4981.70,5143.60,4911.05,814.62M,0.49%
04 09 2011,5059.45,4998.90,5169.25,4942.90,840.00M,0.39%
28 08 2011,5040.00,4806.20,5113.70,4806.05,521.72M,6.15%
21 08 2011,4747.80,4843.70,4965.80,4720.00,717.87M,-2.02%
14 08 2011,4845.65,5125.75,5132.20,4796.10,580.76M,-4.48%
07 08 2011,5072.95,5083.85,5204.20,4946.45,822.46M,-2.65%
31 07 2011,5211.25,5527.50,5551.90,5116.45,657.06M,-4.94%
24 07 2011,5482.00,5633.80,5702.25,5453.95,719.09M,-2.70%
17 07 2011,5633.95,5581.75,5645.40,5532.70,430.36M,0.95%
10 07 2011,5581.10,5648.05,5653.95,5496.95,493.27M,-1.41%
03 07 2011,5660.65,5679.55,5740.40,5610.75,531.91M,0.59%
26 06 2011,5627.20,5441.20,5705.80,5434.25,702.73M,2.85%
19 06 2011,5471.25,5372.20,5477.85,5195.90,567.40M,1.95%
12 06 2011,5366.40,5469.85,5520.15,5355.85,499.76M,-2.18%
05 06 2011,5485.80,5504.30,5570.10,5457.45,423.15M,-0.56%
29 05 2011,5516.75,5493.75,5604.95,5458.60,560.77M,0.74%
22 05 2011,5476.10,5456.70,5485.80,5328.70,573.48M,-0.19%
15 05 2011,5486.35,5541.70,5541.80,5401.25,532.36M,-1.05%
08 05 2011,5544.75,5575.20,5605.00,5472.15,457.82M,-0.12%
01 05 2011,5551.45,5766.90,5775.25,5443.65,580.23M,-3.44%
24 04 2011,5749.50,5859.60,5906.60,5706.05,664.38M,-2.30%
17 04 2011,5884.70,5824.35,5912.90,5693.25,460.00M,1.03%
10 04 2011,5824.55,5805.35,5923.60,5735.55,379.02M,-0.30%
03 04 2011,5842.00,5842.00,5944.45,5822.00,540.99M,0.27%
27 03 2011,5826.05,5645.25,5872.00,5643.20,742.17M,3.04%
20 03 2011,5654.25,5408.75,5667.10,5348.20,562.86M,5.22%
13 03 2011,5373.70,5436.50,5537.30,5366.40,764.51M,-1.32%
06 03 2011,5445.45,5490.05,5563.30,5408.45,681.08M,-1.68%
27 02 2011,5538.75,5330.15,5608.20,5308.60,908.56M,4.43%
20 02 2011,5303.55,5456.60,5526.25,5232.75,930.37M,-2.85%
13 02 2011,5458.95,5340.25,5599.25,5340.25,811.26M,2.81%
06 02 2011,5310.00,5430.15,5440.35,5177.70,989.06M,-1.59%
30 01 2011,5395.75,5452.55,5556.30,5369.05,863.33M,-2.11%
23 01 2011,5512.15,5717.10,5801.55,5459.55,609.56M,-3.24%
16 01 2011,5696.50,5648.80,5747.65,5624.15,686.71M,0.74%
09 01 2011,5654.55,5901.30,5907.25,5639.65,856.24M,-4.23%
02 01 2011,5904.60,6177.45,6181.05,5883.60,741.52M,-3.75%
26 12 2010,6134.50,6013.30,6147.30,5982.25,587.78M,2.04%
19 12 2010,6011.60,5926.85,6023.80,5900.25,576.22M,1.06%
12 12 2010,5948.75,5882.65,5956.15,5795.90,539.68M,1.56%
05 12 2010,5857.35,6033.65,6069.45,5721.15,750.30M,-2.26%
28 11 2010,5992.80,5789.95,6029.50,5754.70,909.14M,4.19%
21 11 2010,5751.95,5920.90,6020.25,5690.35,1.07B,-2.35%
14 11 2010,5890.30,6079.90,6144.05,5863.95,604.42M,-2.99%
07 11 2010,6071.65,6335.25,6335.90,6056.75,743.85M,-3.81%
31 10 2010,6312.45,6092.30,6338.50,6084.75,514.53M,4.90%
24 10 2010,6017.70,6101.25,6151.30,5937.10,719.95M,-0.80%
17 10 2010,6066.05,6112.75,6127.05,5966.75,606.79M,0.06%
10 10 2010,6062.65,6105.95,6284.10,6050.35,613.93M,-0.67%
03 10 2010,6103.45,6144.70,6223.40,6067.00,785.85M,-0.65%
26 09 2010,6143.40,6018.30,6153.10,5963.60,917.52M,2.08%
19 09 2010,6018.30,5885.05,6037.40,5885.05,876.61M,2.27%
12 09 2010,5884.95,5639.20,5901.65,5639.20,932.28M,4.34%
05 09 2010,5640.05,5479.55,5647.45,5479.55,609.81M,2.93%
29 08 2010,5479.40,5408.90,5513.95,5348.90,721.68M,1.31%
22 08 2010,5408.70,5531.15,5549.80,5391.95,744.35M,-2.20%
15 08 2010,5530.65,5452.10,5546.60,5397.40,793.80M,1.44%
08 08 2010,5452.10,5439.80,5492.30,5372.45,802.81M,0.24%
01 08 2010,5439.25,5369.55,5487.15,5351.30,602.05M,1.33%
25 07 2010,5367.60,5446.55,5466.25,5349.20,743.68M,-1.50%
18 07 2010,5449.10,5392.70,5477.50,5353.60,682.99M,1.02%
11 07 2010,5393.90,5352.25,5453.45,5351.60,924.92M,0.77%
04 07 2010,5352.45,5237.00,5359.05,5225.85,692.48M,2.20%
27 06 2010,5237.10,5271.10,5339.45,5210.00,787.99M,-0.61%
20 06 2010,5269.05,5266.50,5366.75,5259.90,882.16M,0.12%
13 06 2010,5262.60,5120.15,5302.30,5120.15,976.64M,2.80%
06 06 2010,5119.35,5132.95,5139.05,4967.30,931.37M,-0.31%
30 05 2010,5135.50,5076.10,5147.90,4961.05,929.88M,1.36%
23 05 2010,5066.55,4944.30,5077.25,4786.45,1.03B,2.75%
16 05 2010,4931.15,5093.90,5105.20,4842.30,947.07M,-3.19%
09 05 2010,5093.50,5026.60,5212.70,5026.60,871.26M,1.50%
02 05 2010,5018.05,5278.40,5278.70,4984.60,890.12M,-4.93%
25 04 2010,5278.00,5299.35,5342.35,5202.45,774.27M,-0.49%
18 04 2010,5304.10,5279.05,5331.80,5160.90,886.11M,0.79%
11 04 2010,5262.60,5354.15,5382.15,5237.55,607.51M,-1.85%
04 04 2010,5361.75,5291.40,5399.65,5290.25,757.34M,1.35%
28 03 2010,5290.50,5283.90,5329.55,5235.15,541.06M,0.16%
21 03 2010,5282.00,5260.95,5293.75,5187.05,625.33M,0.36%
14 03 2010,5262.80,5134.45,5269.95,5101.20,722.55M,2.45%
07 03 2010,5137.00,5092.15,5158.10,5092.05,822.74M,0.95%
28 02 2010,5088.70,4935.60,5118.65,4935.35,839.63M,3.38%
21 02 2010,4922.30,4849.35,4992.00,4833.15,940.39M,1.60%
14 02 2010,4844.90,4827.90,4929.70,4783.90,874.10M,0.37%
07 02 2010,4826.85,4755.35,4843.80,4675.40,708.51M,2.29%
31 01 2010,4718.65,4882.05,4951.15,4692.35,1.02B,-3.35%
24 01 2010,4882.05,5034.55,5035.70,4766.00,982.24M,-3.06%
17 01 2010,5036.00,5253.65,5292.50,4954.85,923.24M,-4.12%
10 01 2010,5252.20,5263.80,5300.50,5169.55,984.06M,0.14%
03 01 2010,5244.75,5200.90,5310.85,5167.10,988.80M,0.84%
27 12 2009,5201.05,5180.75,5221.85,5160.10,496.17M,0.44%
20 12 2009,5178.40,4983.65,5197.90,4943.95,785.44M,3.82%
13 12 2009,4987.70,5117.45,5156.70,4979.05,991.55M,-2.53%
06 12 2009,5117.30,5108.85,5182.55,5051.55,1.10B,0.16%
29 11 2009,5108.90,4942.25,5181.00,4942.25,1.32B,3.38%
22 11 2009,4941.75,5052.95,5138.00,4806.70,1.14B,-2.19%
15 11 2009,5052.45,4996.50,5079.30,4932.80,1.21B,1.07%
08 11 2009,4998.95,4796.15,5017.90,4789.90,1.27B,4.23%
01 11 2009,4796.15,4712.25,4836.20,4538.50,1.28B,1.79%
25 10 2009,4711.70,4997.15,5033.75,4687.50,1.49B,-5.71%
18 10 2009,4997.05,5145.60,5181.95,4968.45,848.73M,-2.82%
11 10 2009,5142.15,4945.45,5152.25,4945.45,896.94M,3.98%
04 10 2009,4945.20,5076.05,5077.00,4921.05,1.38B,-2.72%
27 09 2009,5083.40,4959.15,5110.50,4959.10,584.36M,2.51%
20 09 2009,4958.95,4977.10,5036.30,4904.05,849.25M,-0.34%
13 09 2009,4976.05,4830.35,5003.05,4786.25,1.12B,3.03%
06 09 2009,4829.55,4682.40,4889.05,4679.30,1.27B,3.19%
30 08 2009,4680.40,4730.85,4735.90,4576.60,1.44B,-1.10%
23 08 2009,4732.35,4536.95,4743.75,4536.95,1.18B,4.49%
16 08 2009,4528.80,4578.80,4578.80,4353.45,1.12B,-1.12%
09 08 2009,4580.05,4486.50,4619.00,4359.40,1.28B,2.20%
02 08 2009,4481.40,4633.80,4731.45,4463.95,1.39B,-3.34%
26 07 2009,4636.45,4568.65,4669.75,4420.80,1.67B,1.49%
19 07 2009,4568.55,4377.90,4578.75,4377.90,1.55B,4.43%
12 07 2009,4374.95,4003.40,4390.40,3918.75,1.31B,9.27%
05 07 2009,4003.90,4429.60,4479.80,3976.80,1.71B,-9.50%
28 06 2009,4424.25,4375.40,4439.95,4249.70,1.40B,1.11%
21 06 2009,4375.50,4314.20,4383.75,4143.25,1.61B,1.43%
14 06 2009,4313.60,4584.65,4601.05,4206.70,1.71B,-5.89%
07 06 2009,4583.40,4582.35,4693.20,4365.10,1.92B,-0.08%
31 05 2009,4586.90,4450.40,4636.85,4450.40,2.11B,3.10%
24 05 2009,4448.95,4238.10,4488.05,4092.25,1.93B,4.97%
17 05 2009,4238.50,3673.15,4509.40,3673.15,1.78B,15.44%
10 05 2009,3671.65,3615.75,3709.60,3534.20,1.59B,1.41%
03 05 2009,3620.70,3478.70,3717.05,3478.70,1.83B,4.22%
26 04 2009,3473.95,3481.30,3517.25,3351.50,1.09B,-0.20%
19 04 2009,3480.75,3384.75,3491.35,3296.90,1.63B,2.85%
12 04 2009,3384.40,3342.20,3511.25,3311.80,1.84B,1.27%
05 04 2009,3342.05,3211.35,3401.15,3149.25,1.18B,4.08%
29 03 2009,3211.05,3108.75,3228.75,2962.40,1.31B,3.29%
22 03 2009,3108.65,2807.25,3123.35,2807.25,1.76B,10.74%
15 03 2009,2807.05,2716.05,2836.05,2701.95,1.22B,3.23%
08 03 2009,2719.25,2620.10,2726.15,2555.60,644.09M,3.78%
01 03 2009,2620.15,2764.60,2764.60,2539.45,1.10B,-5.19%
22 02 2009,2763.65,2737.25,2797.80,2677.55,840.78M,0.99%
15 02 2009,2736.45,2948.25,2953.20,2709.30,979.86M,-7.19%
08 02 2009,2948.35,2843.05,2969.75,2840.15,1.07B,3.70%
01 02 2009,2843.10,2872.35,2873.45,2752.90,1.06B,-1.10%
25 01 2009,2874.80,2686.05,2881.00,2685.25,1.12B,7.33%
18 01 2009,2678.55,2828.70,2868.20,2661.65,1.22B,-5.30%
11 01 2009,2828.45,2868.85,2869.20,2701.75,1.30B,-1.55%
04 01 2009,2873.00,3058.75,3147.20,2810.25,1.93B,-5.70%
28 12 2008,3046.75,2857.15,3079.85,2812.90,1.47B,6.63%
21 12 2008,2857.25,3077.25,3110.45,2844.80,1.24B,-7.16%
14 12 2008,3077.50,2917.90,3106.80,2917.90,1.67B,5.35%
07 12 2008,2921.35,2714.70,2945.30,2714.70,1.07B,7.62%
30 11 2008,2714.40,2755.15,2832.85,2570.70,1.44B,-1.48%
23 11 2008,2755.10,2690.85,2790.70,2633.80,1.02B,2.29%
16 11 2008,2693.45,2813.40,2835.70,2502.90,1.19B,-4.16%
09 11 2008,2810.35,2973.30,3161.25,2778.80,979.56M,-5.47%
02 11 2008,2973.00,2885.40,3240.55,2860.10,1.37B,3.03%
26 10 2008,2885.60,2583.75,2921.35,2252.75,1.54B,11.67%
19 10 2008,2584.00,3108.20,3254.85,2525.05,1.17B,-15.95%
12 10 2008,3074.35,3272.90,3648.25,3046.60,963.81M,-6.27%
05 10 2008,3279.95,3817.30,3820.85,3198.95,880.13M,-14.10%
28 09 2008,3818.30,3990.20,4000.50,3715.05,726.68M,-4.19%
21 09 2008,3985.25,4248.95,4303.25,3970.35,769.41M,-6.12%
14 09 2008,4245.25,4231.95,4262.65,3799.55,868.10M,0.40%
07 09 2008,4228.45,4358.30,4558.00,4200.15,610.03M,-2.85%
31 08 2008,4352.30,4356.10,4522.40,4281.35,435.42M,-0.18%
24 08 2008,4360.00,4317.95,4398.80,4201.85,521.81M,0.75%
17 08 2008,4327.45,4430.70,4447.40,4248.00,474.82M,-2.33%
10 08 2008,4430.70,4529.35,4649.85,4421.25,436.53M,-2.18%
03 08 2008,4529.50,4426.10,4615.90,4362.90,748.68M,2.63%
27 07 2008,4413.55,4282.25,4422.95,4159.15,766.60M,2.36%
20 07 2008,4311.85,4092.20,4539.45,4072.75,874.50M,5.37%
13 07 2008,4092.25,4047.45,4118.10,3790.20,798.31M,1.07%
06 07 2008,4049.00,4002.00,4215.50,3896.05,688.59M,0.82%
29 06 2008,4016.00,4136.25,4163.00,3848.25,815.26M,-2.92%
22 06 2008,4136.65,4351.15,4351.15,4093.20,783.72M,-4.85%
15 06 2008,4347.55,4536.30,4679.75,4333.60,590.63M,-3.75%
08 06 2008,4517.10,4626.45,4626.45,4369.80,810.28M,-2.39%
01 06 2008,4627.80,4869.25,4908.80,4536.25,714.91M,-4.98%
25 05 2008,4870.10,4953.60,4957.40,4801.90,719.00M,-1.55%
18 05 2008,4946.55,5157.00,5160.05,4940.70,586.27M,-4.09%
11 05 2008,5157.70,4981.00,5167.40,4913.80,760.75M,3.51%
04 05 2008,4982.60,5227.25,5254.50,4969.40,679.78M,-4.70%
27 04 2008,5228.20,5112.50,5298.85,5079.15,603.13M,2.28%
20 04 2008,5111.70,4955.90,5117.70,4955.90,670.46M,3.09%
13 04 2008,4958.40,4779.95,4984.95,4708.30,424.57M,3.78%
06 04 2008,4777.80,4631.35,4817.40,4628.80,623.00M,2.81%
30 03 2008,4647.00,4942.15,4947.00,4628.75,637.84M,-5.97%
23 03 2008,4942.00,4576.80,4970.80,4539.80,735.16M,8.05%
16 03 2008,4573.95,4745.45,4745.45,4468.55,471.31M,-3.62%
09 03 2008,4745.80,4767.80,5019.20,4580.15,722.89M,-0.54%
02 03 2008,4771.60,5222.80,5222.80,4672.25,562.08M,-8.65%
24 02 2008,5223.50,5112.25,5368.15,5055.15,527.09M,2.21%
17 02 2008,5110.75,5304.45,5368.45,5092.80,418.06M,-3.62%
10 02 2008,5302.90,5120.55,5315.40,4803.60,549.12M,3.57%
03 02 2008,5120.35,5315.55,5545.20,5034.25,520.36M,-3.70%
27 01 2008,5317.25,5380.95,5391.60,5071.00,588.35M,-1.23%
20 01 2008,5383.35,5705.00,5705.00,4448.50,835.80M,-5.64%
13 01 2008,5705.30,6208.80,6260.45,5677.00,644.00M,-7.98%
06 01 2008,6200.10,6271.00,6357.10,6112.55,681.83M,-1.18%
30 12 2007,6274.30,6095.00,6300.05,6060.85,580.67M,3.20%
23 12 2007,6079.70,5771.30,6110.85,5771.30,420.81M,5.43%
16 12 2007,5766.50,6037.95,6039.95,5676.70,385.17M,-4.65%
09 12 2007,6047.70,5974.00,6185.40,5923.35,553.27M,1.23%
02 12 2007,5974.30,5765.45,6042.10,5754.60,617.62M,3.67%
25 11 2007,5762.75,5611.30,5782.55,5595.50,792.48M,2.75%
18 11 2007,5608.60,5908.05,5981.80,5394.35,612.82M,-5.05%
11 11 2007,5906.85,5660.60,5966.95,5477.50,744.69M,4.30%
04 11 2007,5663.25,5931.90,5957.20,5614.90,940.78M,-4.54%
28 10 2007,5932.40,5708.90,6011.95,5708.90,953.62M,4.04%
21 10 2007,5702.30,5202.75,5716.90,5070.90,797.66M,9.34%
14 10 2007,5215.30,5428.35,5736.80,5101.75,905.71M,-3.92%
07 10 2007,5428.25,5186.25,5549.30,5000.95,741.54M,4.67%
30 09 2007,5185.85,5021.50,5261.35,5001.35,540.54M,3.28%
23 09 2007,5021.35,4837.15,5055.80,4837.15,715.44M,3.80%
16 09 2007,4837.55,4518.45,4855.70,4481.55,471.52M,7.07%
09 09 2007,4518.00,4506.85,4582.60,4452.95,346.30M,0.19%
02 09 2007,4509.50,4466.65,4547.75,4445.55,347.03M,1.02%
26 08 2007,4464.00,4193.60,4471.30,4193.60,422.39M,6.54%
19 08 2007,4190.15,4108.95,4262.60,4040.15,389.78M,2.00%
12 08 2007,4108.05,4324.65,4394.30,4002.20,325.02M,-5.20%
05 08 2007,4333.35,4404.05,4530.05,4239.20,354.55M,-1.55%
29 07 2007,4401.55,4442.35,4534.20,4327.00,417.36M,-0.98%
22 07 2007,4445.20,4564.25,4647.95,4424.25,529.66M,-2.65%
15 07 2007,4566.05,4505.95,4600.80,4452.85,449.11M,1.37%
08 07 2007,4504.55,4385.45,4513.90,4344.70,429.93M,2.73%
01 07 2007,4384.85,4318.40,4411.00,4304.00,333.84M,1.54%
24 06 2007,4318.30,4251.40,4321.35,4236.30,419.98M,1.56%
17 06 2007,4252.05,4177.00,4278.85,4136.15,311.09M,1.93%
10 06 2007,4171.45,4183.75,4209.45,4100.80,345.09M,0.64%
03 06 2007,4145.00,4300.70,4362.95,4126.10,428.70M,-3.54%
27 05 2007,4297.05,4248.35,4325.80,4241.35,419.91M,1.15%
20 05 2007,4248.15,4217.65,4291.40,4141.35,428.42M,0.80%
13 05 2007,4214.50,4078.80,4232.45,4072.45,425.12M,3.38%
06 05 2007,4076.65,4117.50,4157.65,3981.15,376.02M,-0.99%
29 04 2007,4117.35,4081.60,4180.90,4028.90,220.84M,0.83%
22 04 2007,4083.50,4083.55,4217.90,4057.70,478.26M,0.00%
15 04 2007,4083.55,3920.50,4090.05,3920.50,414.05M,4.24%
08 04 2007,3917.35,3752.90,3924.55,3747.25,390.73M,4.41%
01 04 2007,3752.00,3820.00,3820.00,3617.00,286.95M,-1.82%
25 03 2007,3821.55,3863.45,3885.45,3750.35,327.43M,-1.02%
18 03 2007,3861.05,3611.30,3901.75,3602.85,362.44M,7.00%
11 03 2007,3608.55,3717.45,3781.45,3573.85,382.18M,-2.94%
04 03 2007,3718.00,3726.50,3795.70,3554.50,512.81M,-0.23%
25 02 2007,3726.75,3939.10,3958.90,3674.85,509.06M,-5.39%
18 02 2007,3938.95,4149.25,4177.70,3918.20,406.32M,-5.00%
11 02 2007,4146.20,4187.20,4187.20,3965.20,346.94M,-0.98%
04 02 2007,4187.40,4193.15,4245.30,4170.00,326.01M,0.09%
28 01 2007,4183.50,4148.40,4198.70,4068.55,374.22M,0.86%
21 01 2007,4147.70,4089.60,4157.95,4056.45,361.26M,1.41%
14 01 2007,4090.15,4052.85,4140.25,4052.40,357.96M,0.93%
07 01 2007,4052.45,3983.30,4059.15,3833.60,355.28M,1.73%
31 12 2006,3983.40,3966.25,4041.00,3964.95,240.31M,0.43%
24 12 2006,3966.40,3871.30,3997.35,3870.45,229.44M,2.46%
17 12 2006,3871.15,3888.20,3934.00,3768.80,337.31M,-0.45%
10 12 2006,3888.65,3961.90,3965.05,3657.65,436.71M,-1.85%
03 12 2006,3962.00,4002.40,4046.85,3948.70,290.23M,-0.89%
26 11 2006,3997.60,3974.95,4001.30,3911.55,318.99M,1.18%
19 11 2006,3950.85,3852.65,3976.80,3794.30,356.96M,2.54%
12 11 2006,3852.80,3834.80,3900.40,3834.00,349.92M,0.47%
05 11 2006,3834.75,3804.75,3842.40,3737.20,363.41M,0.77%
29 10 2006,3805.35,3739.35,3809.65,3719.45,362.52M,1.77%
22 10 2006,3739.35,3683.40,3747.35,3651.20,223.48M,1.70%
15 10 2006,3676.85,3668.90,3742.50,3655.05,404.76M,0.02%
08 10 2006,3676.05,3570.05,3682.35,3540.45,322.81M,2.98%
01 10 2006,3569.70,3588.95,3606.20,3508.65,282.29M,-0.52%
24 09 2006,3588.40,3545.10,3603.70,3514.85,333.21M,1.25%
17 09 2006,3544.05,3478.65,3562.45,3419.75,319.02M,1.88%
10 09 2006,3478.60,3470.35,3487.45,3328.45,369.04M,0.21%
03 09 2006,3471.45,3435.55,3490.70,3435.55,306.94M,1.05%
27 08 2006,3435.45,3386.00,3452.30,3377.75,337.56M,1.46%
20 08 2006,3385.95,3356.80,3402.70,3304.85,298.86M,0.87%
13 08 2006,3356.75,3274.95,3385.15,3269.15,250.40M,2.52%
06 08 2006,3274.35,3176.70,3286.50,3142.55,297.10M,3.07%
30 07 2006,3176.75,3131.35,3234.25,3110.60,312.80M,1.47%
23 07 2006,3130.80,2944.90,3168.50,2878.25,413.90M,6.31%
16 07 2006,2945.00,3123.65,3125.10,2919.95,362.22M,-5.71%
09 07 2006,3123.35,3077.10,3208.85,3064.10,368.38M,1.54%
02 07 2006,3075.85,3128.75,3201.20,3056.30,388.66M,-1.67%
25 06 2006,3128.20,3051.80,3134.15,2899.25,498.56M,2.81%
18 06 2006,3042.70,2892.00,3063.20,2836.40,409.91M,5.27%
11 06 2006,2890.35,2867.65,2960.15,2595.65,468.96M,0.84%
04 06 2006,2866.30,3092.60,3125.40,2683.20,544.81M,-7.28%
28 05 2006,3091.35,3207.25,3255.25,2936.60,480.79M,-3.68%
21 05 2006,3209.60,3254.30,3313.90,2896.40,654.50M,-1.15%
14 05 2006,3246.90,3651.00,3653.00,3205.25,645.39M,-11.05%
07 05 2006,3650.05,3668.65,3774.15,3633.85,419.44M,-0.38%
30 04 2006,3663.95,3557.55,3676.55,3556.90,410.80M,4.44%
23 04 2006,3508.35,3572.80,3598.95,3342.85,522.63M,-1.81%
16 04 2006,3573.05,3342.15,3592.75,3342.15,564.08M,6.80%
09 04 2006,3345.50,3455.00,3489.05,3290.35,358.34M,-3.16%
02 04 2006,3454.80,3403.15,3555.50,3402.45,381.36M,1.54%
26 03 2006,3402.55,3283.40,3433.85,3280.80,550.36M,3.74%
19 03 2006,3279.80,3234.20,3292.15,3221.95,491.88M,1.41%
12 03 2006,3234.05,3184.10,3258.30,3174.05,321.94M,1.58%
05 03 2006,3183.90,3147.25,3194.00,3069.85,439.34M,1.16%
26 02 2006,3147.35,3050.30,3170.35,3031.80,437.74M,3.19%
19 02 2006,3050.05,2982.35,3078.40,2955.85,348.00M,2.30%
12 02 2006,2981.50,3026.15,3051.70,2976.70,401.36M,-1.52%
05 02 2006,3027.55,2940.95,3031.75,2928.10,304.74M,2.96%
29 01 2006,2940.60,2983.30,3011.05,2931.85,404.26M,-1.41%
22 01 2006,2982.75,2900.30,2989.70,2870.95,344.53M,2.82%
15 01 2006,2900.95,2851.35,2912.80,2783.85,415.09M,1.77%
08 01 2006,2850.55,2913.35,2927.25,2824.00,304.30M,-2.18%
01 01 2006,2914.00,2836.80,2921.70,2825.40,344.30M,2.73%
25 12 2005,2836.55,2804.30,2845.55,2725.70,345.46M,1.13%
18 12 2005,2804.85,2808.35,2857.00,2799.45,407.39M,-0.19%
11 12 2005,2810.15,2756.40,2825.65,2756.40,472.04M,1.95%
04 12 2005,2756.45,2697.60,2761.10,2647.35,332.49M,2.17%
27 11 2005,2697.95,2683.60,2730.70,2641.95,398.11M,1.26%
20 11 2005,2664.30,2620.10,2668.90,2563.10,386.63M,1.69%
13 11 2005,2620.05,2548.55,2632.35,2534.40,278.16M,2.80%
06 11 2005,2548.65,2419.25,2551.40,2411.60,370.27M,5.36%
30 10 2005,2419.05,2314.85,2423.80,2314.20,171.08M,4.45%
23 10 2005,2316.05,2444.20,2460.00,2307.45,466.29M,-5.23%
16 10 2005,2443.75,2488.40,2517.70,2363.55,459.35M,-1.64%
09 10 2005,2484.40,2577.10,2595.15,2478.00,319.95M,-3.48%
02 10 2005,2574.05,2601.00,2669.20,2547.55,428.99M,-1.05%
25 09 2005,2601.40,2477.85,2633.90,2477.85,424.87M,4.99%
18 09 2005,2477.75,2555.45,2585.60,2453.05,437.36M,-2.92%
11 09 2005,2552.35,2455.85,2555.10,2455.85,308.40M,3.95%
04 09 2005,2455.45,2417.10,2462.80,2414.95,191.68M,1.64%
28 08 2005,2415.80,2359.20,2422.10,2312.60,260.05M,2.49%
21 08 2005,2357.05,2383.45,2403.45,2300.45,307.56M,-1.11%
14 08 2005,2383.45,2361.65,2426.65,2356.85,231.53M,0.93%
07 08 2005,2361.55,2361.95,2390.45,2303.10,437.55M,0.01%
31 07 2005,2361.20,2312.05,2377.35,2294.25,449.05M,2.11%
24 07 2005,2312.30,2266.65,2332.55,2266.65,362.54M,2.06%
17 07 2005,2265.60,2212.95,2268.55,2212.95,281.50M,2.40%
10 07 2005,2212.55,2195.55,2234.15,2178.60,322.76M,0.74%
03 07 2005,2196.20,2212.05,2238.60,2171.25,264.93M,-0.71%
26 06 2005,2211.90,2194.35,2226.15,2162.00,361.86M,0.80%
19 06 2005,2194.35,2130.80,2204.45,2124.65,369.02M,3.34%
12 06 2005,2123.40,2090.70,2135.10,2081.70,231.12M,1.57%
05 06 2005,2090.60,2092.00,2133.10,2084.35,231.34M,-0.17%
29 05 2005,2094.25,2076.55,2097.60,2061.35,262.09M,0.86%
22 05 2005,2076.40,1992.10,2099.35,1991.70,333.01M,4.22%
15 05 2005,1992.40,1991.50,2024.60,1964.65,222.52M,0.21%
08 05 2005,1988.30,1978.05,2007.80,1975.05,224.87M,0.55%
01 05 2005,1977.50,1903.10,1984.40,1898.15,266.40M,3.94%
24 04 2005,1902.50,1968.45,1974.20,1896.30,313.62M,-3.30%
17 04 2005,1967.35,1955.50,1972.95,1902.80,320.54M,0.56%
10 04 2005,1956.30,2032.75,2038.85,1952.75,183.69M,-3.69%
03 04 2005,2031.20,2067.65,2084.90,2024.80,263.36M,-1.76%
27 03 2005,2067.65,2015.75,2071.20,1971.15,346.46M,2.59%
20 03 2005,2015.40,2117.95,2124.80,2007.35,282.14M,-4.44%
13 03 2005,2109.15,2153.80,2164.15,2077.20,355.43M,-2.08%
06 03 2005,2154.00,2148.25,2183.45,2141.35,378.61M,0.27%
27 02 2005,2148.15,2061.20,2152.75,2047.70,415.61M,4.23%
20 02 2005,2060.90,2055.15,2081.85,2036.60,294.12M,0.26%
13 02 2005,2055.55,2083.05,2110.15,2045.85,343.44M,-1.27%
06 02 2005,2082.05,2097.45,2098.00,2043.60,359.44M,0.20%
30 01 2005,2077.95,2008.45,2099.20,2006.35,520.81M,3.47%
23 01 2005,2008.30,1925.30,2014.25,1894.40,405.84M,4.31%
16 01 2005,1925.30,1931.75,1956.95,1900.05,364.95M,-0.30%
09 01 2005,1931.10,2016.75,2025.90,1900.85,398.08M,-4.19%
02 01 2005,2015.50,2080.00,2120.15,1984.25,423.06M,-3.12%
26 12 2004,2080.50,2061.60,2088.45,2046.25,367.30M,0.86%
19 12 2004,2062.70,2012.50,2065.60,2007.15,357.61M,2.51%
12 12 2004,2012.10,1970.60,2039.20,1964.80,397.30M,2.19%
05 12 2004,1969.00,1996.30,2012.25,1964.50,470.50M,-1.36%
28 11 2004,1996.20,1899.30,2011.90,1894.60,587.16M,5.01%
21 11 2004,1901.05,1872.55,1915.80,1845.10,326.53M,1.53%
14 11 2004,1872.35,1872.80,1898.15,1862.80,320.39M,-0.03%
07 11 2004,1872.95,1852.45,1885.05,1852.45,278.32M,1.11%
31 10 2004,1852.30,1787.30,1854.40,1776.70,390.17M,3.66%
24 10 2004,1786.90,1780.00,1808.85,1750.30,503.50M,0.40%
17 10 2004,1779.75,1796.05,1815.20,1772.40,287.73M,-0.85%
10 10 2004,1795.00,1817.85,1829.45,1773.00,338.94M,-1.38%
03 10 2004,1820.20,1776.75,1825.15,1775.45,481.85M,2.54%
26 09 2004,1775.15,1722.40,1778.65,1695.70,545.07M,3.06%
19 09 2004,1722.50,1734.05,1760.80,1717.20,622.75M,-0.64%
12 09 2004,1733.65,1668.25,1736.40,1668.05,575.77M,3.89%
05 09 2004,1668.75,1634.60,1670.95,1634.45,383.15M,2.12%
29 08 2004,1634.10,1609.45,1641.25,1609.20,390.88M,1.56%
22 08 2004,1609.00,1590.90,1617.25,1573.70,455.92M,1.17%
15 08 2004,1590.35,1598.20,1628.45,1577.25,608.04M,-0.49%
08 08 2004,1598.20,1633.25,1658.90,1591.60,602.55M,-2.16%
01 08 2004,1633.40,1631.55,1658.70,1618.20,613.26M,0.07%
25 07 2004,1632.30,1602.15,1638.70,1584.65,771.70M,1.92%
18 07 2004,1601.60,1559.20,1610.85,1555.55,669.83M,2.75%
11 07 2004,1558.80,1548.60,1569.75,1517.80,551.26M,0.36%
04 07 2004,1553.20,1537.55,1586.55,1472.55,700.85M,1.02%
27 06 2004,1537.50,1488.60,1547.65,1488.60,635.87M,3.29%
20 06 2004,1488.50,1490.75,1499.80,1437.90,558.22M,-0.18%
13 06 2004,1491.20,1508.15,1525.20,1474.65,461.16M,-1.14%
06 06 2004,1508.45,1521.60,1561.60,1504.80,454.19M,-0.83%
30 05 2004,1521.10,1507.05,1566.50,1456.20,540.77M,0.82%
23 05 2004,1508.75,1563.65,1625.70,1504.00,531.38M,-3.30%
16 05 2004,1560.20,1582.50,1591.05,1292.20,653.38M,-1.40%
09 05 2004,1582.40,1804.40,1804.40,1566.95,635.92M,-12.31%
02 05 2004,1804.45,1796.10,1837.95,1742.80,440.23M,0.46%
25 04 2004,1796.10,1890.05,1893.10,1788.30,480.34M,-5.09%
18 04 2004,1892.45,1868.20,1912.35,1832.00,555.05M,1.26%
11 04 2004,1868.95,1860.30,1885.15,1819.80,361.59M,0.83%
04 04 2004,1853.55,1841.10,1878.80,1833.95,392.25M,0.68%
28 03 2004,1841.10,1747.35,1856.30,1739.50,492.64M,5.36%
21 03 2004,1747.50,1726.30,1755.45,1669.70,493.41M,1.30%
14 03 2004,1725.10,1812.45,1836.00,1703.55,576.02M,-4.81%
07 03 2004,1812.20,1868.15,1898.70,1775.90,631.32M,-2.97%
29 02 2004,1867.70,1798.35,1871.10,1795.35,476.40M,3.74%
22 02 2004,1800.30,1853.00,1867.25,1760.55,578.18M,-2.83%
15 02 2004,1852.65,1914.45,1935.80,1831.15,619.11M,-3.19%
08 02 2004,1913.60,1834.90,1916.20,1833.05,576.95M,4.36%
01 02 2004,1833.65,1809.30,1846.75,1755.65,566.67M,1.32%
25 01 2004,1809.75,1847.90,1918.45,1804.30,576.68M,-2.05%
18 01 2004,1847.55,1901.90,1957.65,1756.25,695.59M,-2.79%
11 01 2004,1900.65,1972.00,2000.30,1887.10,584.21M,-3.61%
04 01 2004,1971.90,1946.30,2014.65,1888.10,641.66M,1.33%
28 12 2003,1946.05,1838.05,1951.70,1837.65,581.99M,5.93%
21 12 2003,1837.05,1778.85,1840.35,1751.05,429.14M,3.29%
14 12 2003,1778.55,1699.70,1783.70,1699.70,561.72M,4.69%
07 12 2003,1698.90,1644.85,1705.95,1631.85,461.60M,3.23%
30 11 2003,1645.80,1615.85,1688.25,1615.70,529.83M,1.89%
23 11 2003,1615.25,1541.35,1618.95,1536.50,425.20M,4.84%
16 11 2003,1540.70,1563.10,1591.25,1509.15,532.20M,-0.63%
09 11 2003,1550.45,1603.55,1617.75,1544.75,496.61M,-2.61%
02 11 2003,1592.05,1556.50,1630.25,1556.50,821.16M,2.32%
26 10 2003,1555.90,1522.05,1559.75,1471.30,764.76M,3.31%
19 10 2003,1506.05,1569.70,1574.10,1434.75,801.64M,-4.04%
12 10 2003,1569.45,1523.35,1574.10,1503.00,829.91M,3.04%
05 10 2003,1523.10,1449.45,1527.25,1423.75,774.90M,5.09%
28 09 2003,1449.30,1386.90,1451.20,1386.10,516.50M,4.50%
21 09 2003,1386.95,1319.25,1389.30,1290.55,709.81M,4.90%
14 09 2003,1322.15,1371.75,1377.45,1285.25,799.26M,-3.64%
07 09 2003,1372.10,1398.40,1430.70,1367.15,721.45M,-1.88%
31 08 2003,1398.40,1356.70,1400.90,1353.60,730.89M,3.09%
24 08 2003,1356.55,1311.95,1365.80,1245.85,913.39M,3.46%
17 08 2003,1311.15,1247.90,1319.45,1247.90,950.17M,5.08%
10 08 2003,1247.75,1222.60,1260.35,1215.75,579.08M,2.05%
03 08 2003,1222.65,1196.05,1224.50,1164.75,564.45M,2.25%
27 07 2003,1195.75,1163.25,1198.80,1154.80,445.02M,2.84%
20 07 2003,1162.75,1140.00,1164.70,1089.30,423.85M,2.00%
13 07 2003,1140.00,1161.20,1175.95,1130.45,373.13M,-1.86%
06 07 2003,1161.65,1138.90,1170.75,1134.60,327.46M,2.04%
29 06 2003,1138.45,1125.60,1150.75,1125.50,351.63M,1.15%
22 06 2003,1125.55,1100.60,1126.80,1079.10,378.85M,2.30%
15 06 2003,1100.25,1056.50,1101.60,1045.55,357.94M,4.17%
08 06 2003,1056.20,1046.00,1059.45,1033.95,317.21M,0.94%
01 06 2003,1046.40,1006.85,1048.85,1004.70,352.10M,3.93%
25 05 2003,1006.80,967.85,1013.85,967.1,342.55M,4.02%
18 05 2003,967.9,973.7,980.75,959.8,299.22M,-0.53%
11 05 2003,973.1,938.5,974.4,934,254.57M,3.76%
04 05 2003,937.85,937.45,956.65,935.8,324.21M,-0.05%
27 04 2003,938.3,922.85,940.2,920,246.81M,1.51%
20 04 2003,924.3,941.5,951.4,921.1,355.63M,-1.74%
13 04 2003,940.7,951.8,964.2,936.7,159.83M,-0.96%
06 04 2003,949.8,1017.05,1033.45,935.7,304.95M,-6.60%
30 03 2003,1016.95,1000.60,1018.25,973.5,245.66M,1.63%
23 03 2003,1000.60,1037.15,1038.55,996.75,221.61M,-2.91%
16 03 2003,1030.55,999.7,1033.70,982.7,203.95M,3.09%
09 03 2003,999.65,1017.10,1021.50,994.2,184.12M,-1.72%
02 03 2003,1017.10,1063.55,1070.85,1014.30,223.02M,-4.35%
23 02 2003,1063.40,1066.20,1075.50,1044.90,283.08M,-0.26%
16 02 2003,1066.15,1036.20,1071.70,1036.20,244.00M,2.91%
09 02 2003,1036.00,1058.20,1058.75,1034.10,187.46M,-2.03%
02 02 2003,1057.50,1040.25,1065.95,1036.50,262.62M,1.50%
26 01 2003,1041.85,1057.80,1059.80,1026.20,361.85M,-1.34%
19 01 2003,1056.05,1086.25,1087.00,1053.40,264.72M,-2.80%
12 01 2003,1086.50,1080.25,1091.35,1070.30,229.69M,0.58%
05 01 2003,1080.25,1089.75,1103.25,1077.40,250.64M,-0.86%
29 12 2002,1089.60,1095.80,1105.60,1084.35,258.47M,-0.80%
22 12 2002,1098.40,1079.30,1103.95,1072.65,216.91M,1.77%
15 12 2002,1079.30,1089.00,1100.00,1069.00,287.50M,-0.64%
08 12 2002,1086.20,1070.50,1087.35,1045.65,372.26M,1.53%
01 12 2002,1069.80,1050.15,1075.75,1034.10,369.50M,1.87%
24 11 2002,1050.15,1020.90,1057.45,1017.50,349.96M,2.94%
17 11 2002,1020.15,990.35,1026.00,989.05,298.94M,3.01%
10 11 2002,990.35,957.55,992.05,948.05,273.34M,3.49%
03 11 2002,956.95,951.6,970.2,951.6,175.75M,0.58%
27 10 2002,951.45,932.35,956.95,920.1,347.51M,2.07%
20 10 2002,932.2,971.75,976.35,929.25,207.75M,-4.06%
13 10 2002,971.65,971.5,983.6,966.55,199.86M,0.06%
06 10 2002,971.05,947.8,973.5,945,240.38M,2.41%
29 09 2002,948.2,976.15,976.15,944.5,167.60M,-2.89%
22 09 2002,976.45,969.85,978,960.2,202.88M,0.71%
15 09 2002,969.6,991.75,997,960.7,189.72M,-2.26%
08 09 2002,992,992.05,1005.85,985.25,170.36M,-0.32%
01 09 2002,995.2,1010.90,1024.65,990.85,256.81M,-1.52%
25 08 2002,1010.60,992.4,1012.75,981.1,289.39M,1.55%
18 08 2002,995.2,979.4,996.4,978.2,206.89M,1.63%
11 08 2002,979.25,961.15,981.2,961.15,140.32M,1.80%
04 08 2002,961.95,954.9,978.6,948,223.05M,0.75%
28 07 2002,954.75,973,987.5,935.55,254.47M,-1.93%
21 07 2002,973.5,1035.20,1035.20,972.55,266.54M,-6.02%
14 07 2002,1035.90,1057.95,1058.45,1025.00,179.26M,-2.11%
07 07 2002,1058.25,1074.00,1087.40,1054.90,189.35M,-1.45%
30 06 2002,1073.80,1058.00,1078.55,1058.00,184.77M,1.51%
23 06 2002,1057.80,1065.60,1068.90,1042.20,208.83M,-0.45%
16 06 2002,1062.55,1085.80,1097.55,1056.25,200.50M,-2.13%
09 06 2002,1085.70,1049.95,1102.05,1049.95,221.77M,3.52%
02 06 2002,1048.80,1029.25,1072.00,1029.25,198.90M,1.94%
26 05 2002,1028.80,1067.00,1071.50,1020.10,258.23M,-3.58%
19 05 2002,1067.00,1091.70,1097.95,1024.30,255.54M,-2.17%
12 05 2002,1090.65,1116.80,1125.95,1079.95,229.86M,-2.31%
05 05 2002,1116.40,1096.95,1136.55,1096.25,186.90M,1.77%
28 04 2002,1096.95,1097.55,1101.10,1073.30,156.00M,-0.04%
21 04 2002,1097.40,1100.50,1116.85,1088.05,194.60M,-0.26%
14 04 2002,1100.30,1146.55,1152.55,1097.60,176.10M,-4.03%
07 04 2002,1146.50,1141.90,1151.55,1122.10,204.27M,0.40%
31 03 2002,1141.95,1129.85,1153.30,1121.45,221.73M,1.10%
24 03 2002,1129.55,1138.10,1140.20,1117.85,129.61M,-0.78%
17 03 2002,1138.45,1169.95,1184.70,1135.90,195.14M,-2.68%
10 03 2002,1169.75,1187.50,1192.75,1143.55,236.51M,-1.51%
03 03 2002,1187.65,1178.45,1201.10,1162.75,299.70M,0.82%
24 02 2002,1178.00,1163.65,1205.95,1135.20,367.87M,1.25%
17 02 2002,1163.50,1159.85,1178.10,1134.65,256.45M,0.31%
10 02 2002,1159.95,1124.85,1164.10,1124.85,304.52M,3.22%
03 02 2002,1123.75,1083.05,1131.85,1069.40,367.14M,3.89%
27 01 2002,1081.65,1083.25,1088.75,1058.80,283.83M,0.14%
20 01 2002,1080.10,1093.25,1099.80,1077.00,281.38M,-1.19%
13 01 2002,1093.15,1089.45,1121.75,1078.95,343.55M,0.42%
06 01 2002,1088.55,1093.05,1119.40,1073.45,344.20M,-0.70%
30 12 2001,1096.20,1033.90,1099.25,1033.90,282.99M,6.04%
23 12 2001,1033.80,1051.00,1058.30,1010.45,201.14M,-1.62%
16 12 2001,1050.85,1089.90,1098.00,1043.65,200.00M,-3.40%
09 12 2001,1087.85,1112.15,1123.55,1069.95,285.95M,-2.20%
02 12 2001,1112.30,1067.20,1132.65,1063.25,315.38M,4.23%
25 11 2001,1067.15,1059.25,1097.60,1059.25,239.85M,0.77%
18 11 2001,1059.00,1034.20,1082.40,1032.85,317.37M,2.25%
11 11 2001,1035.70,1004.55,1038.35,999.85,154.23M,3.15%
04 11 2001,1004.05,997.25,1014.10,984.45,253.56M,0.65%
28 10 2001,997.6,983.15,1009.55,959.35,243.92M,1.46%
21 10 2001,983.2,980.05,1000.95,973.2,215.72M,0.67%
14 10 2001,976.65,963.65,989.05,954.35,225.52M,1.69%
07 10 2001,960.4,911.2,969.9,884.65,231.35M,5.01%
30 09 2001,914.6,914.65,919.75,896.25,176.55M,0.08%
23 09 2001,913.85,853,922.55,853,271.65M,6.98%
16 09 2001,854.2,916.15,916.15,849.95,274.07M,-7.12%
09 09 2001,919.7,1035.00,1045.30,902.7,199.29M,-11.16%
02 09 2001,1035.20,1054.65,1059.90,1026.45,201.77M,-1.76%
26 08 2001,1053.75,1064.05,1078.35,1051.75,168.88M,-1.44%
19 08 2001,1069.15,1062.50,1079.00,1061.00,137.23M,0.00%
12 08 2001,1069.20,1070.95,1084.00,1061.05,163.88M,-0.18%
05 08 2001,1071.15,1074.20,1082.40,1059.55,145.44M,-0.32%
29 07 2001,1074.60,1051.45,1077.70,1050.90,201.62M,2.18%
22 07 2001,1051.70,1076.15,1076.15,1046.90,112.14M,-2.41%
15 07 2001,1077.70,1110.35,1116.70,1072.75,136.60M,-2.95%
08 07 2001,1110.45,1064.80,1127.15,1052.10,141.01M,4.26%
01 07 2001,1065.10,1108.35,1119.55,1059.60,126.06M,-3.86%
24 06 2001,1107.90,1087.10,1114.35,1060.05,207.51M,1.86%
17 06 2001,1087.65,1087.75,1102.45,1064.40,186.54M,-0.01%
10 06 2001,1087.75,1126.55,1134.80,1084.20,193.86M,-3.45%
03 06 2001,1126.60,1148.00,1154.45,1095.45,210.09M,-1.87%
27 05 2001,1148.05,1174.95,1207.00,1146.90,240.83M,-2.29%
20 05 2001,1174.90,1172.95,1190.15,1165.65,214.23M,0.18%
13 05 2001,1172.80,1140.45,1187.65,1096.25,242.30M,2.83%
06 05 2001,1140.50,1130.05,1164.30,1130.05,213.89M,0.92%
29 04 2001,1130.05,1101.45,1150.65,1101.45,163.71M,2.61%
22 04 2001,1101.30,1144.05,1170.20,1078.10,255.91M,-3.73%
15 04 2001,1144.00,1024.00,1159.30,1000.10,271.60M,11.62%
08 04 2001,1024.90,1137.60,1138.55,1001.80,149.85M,-10.06%
01 04 2001,1139.60,1148.10,1171.85,1094.35,133.22M,-0.75%
25 03 2001,1148.20,1159.85,1210.10,1144.65,154.38M,-1.13%
18 03 2001,1161.30,1192.85,1218.35,1139.65,157.96M,-2.70%
11 03 2001,1193.55,1253.25,1253.25,1098.75,264.24M,-4.88%
04 03 2001,1254.75,1304.85,1316.45,1219.35,346.25M,-3.95%
25 02 2001,1306.35,1320.90,1399.55,1281.90,604.58M,-1.07%
18 02 2001,1320.45,1381.40,1392.80,1314.10,489.06M,-4.41%
11 02 2001,1381.35,1405.70,1422.95,1376.15,495.85M,-1.73%
04 02 2001,1405.70,1378.80,1416.30,1365.05,558.03M,1.95%
28 01 2001,1378.85,1368.55,1396.05,1312.10,511.18M,0.64%
21 01 2001,1370.10,1329.30,1374.20,1329.30,420.93M,3.08%
14 01 2001,1329.10,1286.85,1333.50,1277.85,413.05M,3.29%
07 01 2001,1286.75,1327.35,1334.20,1275.95,433.37M,-3.05%
31 12 2000,1327.25,1263.50,1331.35,1248.55,437.16M,5.04%
24 12 2000,1263.55,1242.05,1265.90,1207.95,261.20M,1.74%
17 12 2000,1242.00,1310.15,1325.60,1237.30,387.60M,-5.38%
10 12 2000,1312.60,1313.70,1369.50,1308.15,451.70M,-0.08%
03 12 2000,1313.70,1276.25,1319.85,1273.65,397.66M,2.94%
26 11 2000,1276.20,1225.40,1281.00,1225.35,401.42M,4.16%
19 11 2000,1225.20,1236.00,1247.50,1209.85,293.81M,-0.87%
12 11 2000,1236.00,1239.35,1270.10,1199.95,319.08M,-0.29%
05 11 2000,1239.55,1242.15,1277.25,1232.35,323.89M,-0.20%
29 10 2000,1242.05,1178.75,1249.20,1155.15,285.78M,5.37%
22 10 2000,1178.70,1171.75,1192.90,1132.90,215.52M,0.57%
15 10 2000,1172.00,1177.85,1228.80,1108.20,297.26M,-0.40%
08 10 2000,1176.75,1285.05,1286.35,1167.50,248.54M,-8.42%
01 10 2000,1285.00,1270.75,1306.45,1254.35,193.94M,1.05%
24 09 2000,1271.65,1268.40,1305.10,1249.35,248.59M,0.41%
17 09 2000,1266.45,1416.05,1416.05,1261.20,239.18M,-10.64%
10 09 2000,1417.20,1449.35,1482.00,1411.55,231.92M,-2.27%
03 09 2000,1450.05,1395.95,1453.15,1395.95,260.88M,4.01%
27 08 2000,1394.10,1379.60,1397.30,1360.65,161.18M,0.93%
20 08 2000,1381.25,1358.75,1398.90,1358.75,257.62M,1.71%
13 08 2000,1358.05,1312.25,1363.05,1295.45,186.93M,3.61%
06 08 2000,1310.75,1319.70,1363.95,1299.90,197.51M,-0.59%
30 07 2000,1318.55,1333.30,1344.50,1302.65,167.76M,-1.14%
23 07 2000,1333.80,1397.05,1397.05,1269.25,215.48M,-4.54%
16 07 2000,1397.25,1509.25,1512.25,1394.30,210.49M,-7.45%
09 07 2000,1509.75,1518.15,1564.75,1502.70,228.27M,-0.52%
02 07 2000,1517.60,1473.45,1530.90,1473.45,211.12M,3.14%
25 06 2000,1471.45,1472.15,1505.75,1431.25,176.57M,-0.05%
18 06 2000,1472.20,1477.55,1539.10,1461.30,204.85M,-0.35%
11 06 2000,1477.30,1464.40,1480.85,1411.90,173.05M,0.69%
04 06 2000,1467.20,1390.95,1485.50,1390.95,201.89M,5.61%
28 05 2000,1389.25,1273.70,1410.75,1267.40,199.30M,8.93%
21 05 2000,1275.35,1267.85,1278.75,1201.50,139.84M,0.58%
14 05 2000,1268.00,1281.30,1347.70,1220.70,115.20M,-1.15%
07 05 2000,1282.80,1423.25,1436.60,1276.40,118.26M,-9.81%
30 04 2000,1422.40,1410.00,1428.60,1258.10,139.61M,1.13%
23 04 2000,1406.55,1416.05,1455.85,1311.30,199.04M,-0.64%
16 04 2000,1415.65,1518.55,1518.55,1339.75,160.58M,-6.78%
09 04 2000,1518.65,1557.55,1636.95,1502.70,159.24M,-2.47%
02 04 2000,1557.15,1528.70,1558.05,1381.05,232.83M,1.88%
26 03 2000,1528.45,1570.45,1609.40,1489.10,168.06M,-2.62%
19 03 2000,1569.55,1563.30,1629.20,1540.45,94.42M,0.47%
12 03 2000,1562.20,1601.40,1645.00,1503.20,132.87M,-2.53%
05 03 2000,1602.75,1656.00,1765.25,1588.20,150.99M,-3.22%
27 02 2000,1656.00,1711.15,1783.30,1626.35,186.13M,-3.18%
20 02 2000,1710.45,1719.55,1818.15,1689.20,130.30M,-0.43%
13 02 2000,1717.80,1777.75,1795.45,1694.45,154.90M,-2.18%
06 02 2000,1756.00,1599.80,1771.65,1599.80,180.67M,9.77%
30 01 2000,1599.75,1598.35,1621.35,1521.40,183.96M,0.04%
23 01 2000,1599.10,1623.05,1645.00,1579.55,156.28M,-1.33%
16 01 2000,1620.60,1623.50,1668.45,1587.85,205.57M,-0.13%
09 01 2000,1622.75,1615.65,1671.15,1548.25,220.53M,0.59%
02 01 2000,1613.30,1482.15,1641.95,1482.15,231.89M,8.97%
